Issued FY,Project ID,Project Name,Host Country,Host Country Code,Host Region,Host Region Code,Business Sector,Product Line,Gross Issued Amount,Project Start Date,Project Expiration Date,Project Links,Issued_Proj_Count
2023,14936,Safari Hotel,Namibia,NA,Sub-Saharan Africa,SSA,Tourism,PRI,"17,980,494.61",07/15/2022,06/29/2037,,1
2022,12229,Central Termica Ressano de Garcia (CTRG),Mozambique,MZ,Sub-Saharan Africa,SSA,Infrastructure,PRI,"186,327,774.2",04/06/2022,02/27/2035,,1
2022,15006,Banco Santander Rio S.A.,Argentina,AR,Latin America and the Caribbean,LAC,Financial,PRI,"200,000,000",06/30/2022,07/01/2023,,1
2022,13482,Ravinala Airports,Madagascar,MG,Sub-Saharan Africa,SSA,Infrastructure,PRI,"8,440,345.794",05/31/2017,06/05/2032,,1
2022,14306,Ulug Enerji,Turkiye,TR,Europe and Central Asia,ECA,Infrastructure,PRI,"128,250,000",03/04/2022,09/26/2028,,1
2022,14314,Asonha Energie SA,Gabon,GA,Sub-Saharan Africa,SSA,Infrastructure,PRI,"28,513,317.18",12/15/2021,12/14/2041,,1
2022,14460,BBOXX Capital DRC SARLU,"Congo, Democratic Republic of",ZR,Sub-Saharan Africa,SSA,Services,PRI,"8,116,563",10/30/2020,06/29/2030,,1
2022,14505,Annuity Road - Lot 15,Kenya,KE,Sub-Saharan Africa,SSA,Infrastructure,PRI,"8,976,567.83",06/04/2021,06/29/2031,,1
2022,14572,Uraba Port,Colombia,CO,Latin America and the Caribbean,LAC,Infrastructure,NH,"128,487,407.2",01/14/2022,02/15/2037,,1
2022,14583,Zano Solar Power Plant,Burkina Faso,BF,Sub-Saharan Africa,SSA,Infrastructure,PRI,"3,588,123.708",06/30/2022,06/29/2042,,1
2022,14621,Health Care Food Manufacturers Share Company,Ethiopia,ET,Sub-Saharan Africa,SSA,Manufacturing,PRI,"29,309,909.34",09/30/2021,09/30/2031,,1
2022,14629,Koridori Srbije Ltd.,Serbia,YF,Europe and Central Asia,ECA,Infrastructure,NH,"452,398,003.3",03/15/2022,12/10/2034,,1
2022,14653,Street Lights and CCTV,St. Lucia,LC,Latin America and the Caribbean,LAC,Services,PRI,"1,702,808.33",12/16/2021,12/15/2036,,1
2022,14661,Central Termica de Temane,Mozambique,MZ,Sub-Saharan Africa,SSA,Infrastructure,PRI,"251,300,000",12/08/2021,12/07/2041,,1
2022,14672,Golomoti JCM Solar Corporation Limited,Malawi,MW,Sub-Saharan Africa,SSA,Infrastructure,PRI,"24,000,000",03/04/2022,03/03/2042,,1
2022,14688,ACWA Power Sirdarya LLC,Uzbekistan,UZ,Europe and Central Asia,ECA,Infrastructure,PRI,"69,428,871.2",05/10/2021,06/30/2039,,1
2022,14708,"COVID -19, Pilar 1",Colombia,CO,Latin America and the Caribbean,LAC,Services,NH,"350,640,767.4",11/22/2021,11/17/2028,,1
2022,14761,Nutan Bidyut Bangladesh Limited,Bangladesh,BD,South Asia,SAR,Infrastructure,PRI,"406,746,997.1",06/07/2022,04/30/2042,,1
2022,14769,"NLB Banka a.d., Podgorica",Montenegro,ME,Europe and Central Asia,ECA,Financial,PRI,"32,825,100",12/31/2021,12/30/2024,,1
2022,14770,NLB Banka sh.a. Prishtina,Kosovo,XK,Europe and Central Asia,ECA,Financial,PRI,"13,582,800",12/31/2021,12/30/2024,,1
2022,14807,Kite ABJ SA,Cote d'Ivoire,CI,Sub-Saharan Africa,SSA,Tourism,PRI,"5,441,899.427",06/30/2021,06/29/2036,,1
2022,14808,Falcon Kite DSS SA,Senegal,SN,Sub-Saharan Africa,SSA,Tourism,PRI,"17,739,723.93",06/30/2021,06/29/2036,,1
2022,14809,Falcon ABJ SA,Cote d'Ivoire,CI,Sub-Saharan Africa,SSA,Tourism,PRI,"12,131,755.97",06/30/2021,06/29/2036,,1
2022,14811,Eagle DSS SA,Senegal,SN,Sub-Saharan Africa,SSA,Tourism,PRI,"11,024,764.37",11/10/2021,06/29/2036,,1
2022,14812,Ibis Abidjan Plateau,Cote d'Ivoire,CI,Sub-Saharan Africa,SSA,Tourism,PRI,"2,421,343.896",07/02/2021,06/29/2036,,1
2022,14812,Ibis Abidjan Plateau,Cote d'Ivoire,CI,Sub-Saharan Africa,SSA,Tourism,PRI,"4,498,160.978",07/02/2021,06/29/2036,,0
2022,14813,Pullman Abidjan,Cote d'Ivoire,CI,Sub-Saharan Africa,SSA,Tourism,PRI,"12,560,659.08",07/02/2021,06/29/2036,,1
2022,14814,Kite DLA SA,Cameroon,CM,Sub-Saharan Africa,SSA,Tourism,PRI,"2,591,090.029",06/30/2021,06/29/2036,,1
2022,14816,Komercijalna Banka a.d. Beograd,Serbia,YF,Europe and Central Asia,ECA,Financial,PRI,"245,860,608.7",11/30/2021,11/29/2028,,1
2022,14816,Komercijalna Banka a.d. Beograd,Serbia,YF,Europe and Central Asia,ECA,Financial,PRI,"32,709,790.61",11/30/2021,11/29/2028,,0
2022,14836,NBC Bank,Cambodia,KH,East Asia And Pacific,EAP,Financial,PRI,"300,000,000",01/31/2022,01/30/2025,,1
2022,14855,Airtel Mobile Money Uganda,Uganda,UG,Sub-Saharan Africa,SSA,Financial,PRI,"58,590,000",06/30/2022,06/30/2027,,1
2022,14869,Eagle ABJ SA - SAH SA,Cote d'Ivoire,CI,Sub-Saharan Africa,SSA,Tourism,PRI,"14,171,849.43",11/10/2021,06/29/2036,,1
2022,14870,Owl ABJ SA â€“ CHP SA,Cote d'Ivoire,CI,Sub-Saharan Africa,SSA,Tourism,PRI,"1,886,469.563",11/10/2021,06/29/2036,,1
2022,14885,Begej Water DOO Beograd,Serbia,YF,Europe and Central Asia,ECA,Infrastructure,PRI,"16,112,114.68",06/27/2022,06/26/2042,,1
2022,14892,Airtel Mobile Money Congo,"Congo, Republic of",CG,Sub-Saharan Africa,SSA,Financial,PRI,"5,580,000",06/30/2022,06/30/2027,,1
2022,14893,Airtel Mobile Money Rwanda,Rwanda,RW,Sub-Saharan Africa,SSA,Financial,PRI,"1,440,000",06/30/2022,06/30/2027,,1
2022,14894,Airtel Mobile Money Malawi,Malawi,MW,Sub-Saharan Africa,SSA,Financial,PRI,"20,700,000",06/30/2022,06/30/2027,,1
2022,14895,Airtel Mobile Money DRC,"Congo, Democratic Republic of",ZR,Sub-Saharan Africa,SSA,Financial,PRI,"25,650,000",06/30/2022,06/30/2027,,1
2022,14896,Airtel Mobile Money Gabon,Gabon,GA,Sub-Saharan Africa,SSA,Financial,PRI,"27,630,000",06/30/2022,06/30/2027,,1
2022,14898,Airtel Mobile Money Zambia,Zambia,ZM,Sub-Saharan Africa,SSA,Financial,PRI,"30,150,000",06/30/2022,06/30/2027,,1
2022,14899,Airtel Mobile Money Madagascar,Madagascar,MG,Sub-Saharan Africa,SSA,Financial,PRI,"5,130,000",06/30/2022,06/30/2027,,1
2022,14900,Airtel Mobile Money Niger,Niger,NE,Sub-Saharan Africa,SSA,Financial,PRI,"2,250,000",06/30/2022,06/30/2027,,1
2022,14901,Airtel Mobile Money Seychelles,Seychelles,SC,Sub-Saharan Africa,SSA,Financial,PRI,"180,000",06/30/2022,06/30/2027,,1
2022,14905,Annuity Road - Lot 18,Kenya,KE,Sub-Saharan Africa,SSA,Infrastructure,PRI,"6,763,090.94",06/04/2021,06/29/2031,,1
2022,14919,Limak Uludag Perakende Elektrik Satis A.S.,Turkiye,TR,Europe and Central Asia,ECA,Infrastructure,PRI,"20,700,000",03/04/2022,03/03/2039,,1
2022,14920,Uludag Elektrik Dagitim A.S.,Turkiye,TR,Europe and Central Asia,ECA,Infrastructure,PRI,"82,800,000",03/04/2022,03/03/2039,,1
2022,14928,Airtel Mobile Money Chad,Chad,TD,Sub-Saharan Africa,SSA,Financial,PRI,"720,000",06/30/2022,06/30/2027,,1
2022,14933,Airtel Mobile Money Kenya,Kenya,KE,Sub-Saharan Africa,SSA,Financial,PRI,"1,980,000",06/30/2022,06/30/2027,,1
2022,14944,Pearl Glass - Expansion,"Egypt, Arab Republic of",EG,Middle East and North Africa,MENA,Manufacturing,PRI,"16,193,715.3",06/28/2022,11/05/2033,,1
2022,14952,Benban Solar Power Farm,"Egypt, Arab Republic of",EG,Middle East and North Africa,MENA,Infrastructure,PRI,"98,308,756.75",05/18/2022,03/10/2041,,1
2022,14954,ZAK Ethiopia Manufacturing and Trading PLC,Ethiopia,ET,Sub-Saharan Africa,SSA,Manufacturing,PRI,"4,944,600",09/30/2021,09/30/2031,,1
2022,14955,UM6P Campus,Morocco,MA,Middle East and North Africa,MENA,Construction,NH,"601,095,458.4",05/09/2022,04/19/2032,,1
2022,14981,FDN Climate Finance Facility,Colombia,CO,Latin America and the Caribbean,LAC,Financial,NH,"414,633,835.5",06/30/2022,05/17/2032,,1
2022,14994,Fondo Mivivienda,Peru,PE,Latin America and the Caribbean,LAC,Financial,NH,"350,948,414.5",06/27/2022,06/23/2032,,1
2022,14996,Agencia Financiera de Desarrollo,Paraguay,PY,Latin America and the Caribbean,LAC,Financial,NH,"110,721,734.5",06/30/2022,06/29/2029,,1
2022,12300,Gigawatt 100MW Gas-Fired Power Plant,Mozambique,MZ,Sub-Saharan Africa,SSA,Infrastructure,PRI,"35,842,475.17",12/03/2015,12/01/2030,,1
2021,12300,Gigawatt 100MW Gas-Fired Power Plant,Mozambique,MZ,Sub-Saharan Africa,SSA,Infrastructure,PRI,"17,163,605.37",12/03/2015,12/01/2030,,1
2021,14905,Annuity Road - Lot 18,Kenya,KE,Sub-Saharan Africa,SSA,Infrastructure,PRI,"93,830,110.65",06/04/2021,06/29/2031,,1
2021,12892,Raiffeisen Sh. A.,Albania,AL,Europe and Central Asia,ECA,Financial,PRI,"154,940,867.5",03/31/2015,03/30/2024,,1
2021,12893,Raiffeisen BANK d.d.,Bosnia and Herzegovina,BA,Europe and Central Asia,ECA,Financial,PRI,"134,876,582.5",06/19/2015,03/30/2024,,1
2021,12894,Raiffeisen Bank Kosovo J.S.C.,Kosovo,XK,Europe and Central Asia,ECA,Financial,PRI,"82,134,500",03/31/2015,03/30/2024,,1
2021,12895,Raiffeisen banka a.d.,Serbia,YF,Europe and Central Asia,ECA,Financial,PRI,"306,244,350",03/31/2015,03/30/2024,,1
2021,13242,Banco Santander Rio S.A.,Argentina,AR,Latin America and the Caribbean,LAC,Financial,PRI,"500,000,000",07/01/2017,03/31/2021,,1
2021,14247,Banco Santander Peru S.A.,Peru,PE,Latin America and the Caribbean,LAC,Financial,PRI,"95,022,175.18",06/28/2018,06/27/2025,,1
2021,14276,TM Geothermal Operations Plc,Ethiopia,ET,Sub-Saharan Africa,SSA,Infrastructure,PRI,"67,500,000",03/10/2021,03/09/2036,,1
2021,14341,Korea Myanmar Industrial Complex,Myanmar,MM,East Asia And Pacific,EAP,Construction,PRI,"5,730,813",10/25/2020,10/24/2035,,1
2021,14415,Escotel Sierra Leone,Sierra Leone,SL,Sub-Saharan Africa,SSA,Infrastructure,PRI,"13,500,000",12/07/2020,12/03/2030,,1
2021,14430,Escotel Liberia,Liberia,LR,Sub-Saharan Africa,SSA,Infrastructure,PRI,"12,060,004.5",12/07/2020,12/03/2030,,1
2021,14459,BBOXX Capital Rwanda Ltd,Rwanda,RW,Sub-Saharan Africa,SSA,Services,PRI,"13,341,821.4",10/30/2020,06/29/2030,,1
2021,14460,BBOXX Capital DRC SARLU,"Congo, Democratic Republic of",ZR,Sub-Saharan Africa,SSA,Services,PRI,"13,354,184.07",10/30/2020,06/29/2030,,1
2021,14461,BBOXX Capital Kenya Ltd,Kenya,KE,Sub-Saharan Africa,SSA,Services,PRI,"16,369,389.9",02/08/2021,06/29/2030,,1
2021,14492,Surpapelcorp S.A.,Ecuador,EC,Latin America and the Caribbean,LAC,Manufacturing,PRI,"34,547,700",11/04/2020,12/18/2027,,1
2021,14505,Annuity Road - Lot 15,Kenya,KE,Sub-Saharan Africa,SSA,Infrastructure,PRI,"117,799,802.8",06/04/2021,06/29/2031,,1
2021,14574,Ouagadougou-Ziniare 30 MW Solar Power,Burkina Faso,BF,Sub-Saharan Africa,SSA,Infrastructure,PRI,"5,343,790.442",06/30/2021,06/29/2041,,1
2021,14613,Societe des Mines de Fer de Guinee,Guinea,GN,Sub-Saharan Africa,SSA,Mining,PRI,"117,000,000",03/12/2021,03/11/2025,,1
2021,14614,Euronimba Liberia Limited,Liberia,LR,Sub-Saharan Africa,SSA,Mining,PRI,"6,300,000",03/12/2021,03/11/2025,,1
2021,14641,Banco Nacional de Panama,Panama,PA,Latin America and the Caribbean,LAC,Financial,NH,"532,996,392.7",07/23/2020,08/13/2027,,1
2021,14660,PLN COVID-19 Response Package,Indonesia,ID,East Asia And Pacific,EAP,Infrastructure,NH,"516,952,068.9",01/08/2021,12/23/2025,,1
2021,14665,Bancomext,Mexico,MX,Latin America and the Caribbean,LAC,Financial,NH,"675,109,108.4",10/20/2020,10/20/2028,,1
2021,14688,ACWA Power Sirdarya LLC,Uzbekistan,UZ,Europe and Central Asia,ECA,Infrastructure,PRI,"638,199,593.5",05/10/2021,06/30/2039,,1
2021,14694,Bahamas COVID-19 Response,"Bahamas, The",BS,Latin America and the Caribbean,LAC,Services,NH,"118,560,650.5",04/28/2021,04/28/2028,,1
2021,14731,Banco Nacional de Fomento,Paraguay,PY,Latin America and the Caribbean,LAC,Financial,NH,"101,252,139.1",12/30/2020,12/29/2027,,1
2021,14774,ProCredit Mandatory Reserves,Bosnia and Herzegovina,BA,Europe and Central Asia,ECA,Financial,PRI,"22,100,420",12/22/2020,12/21/2025,,1
2021,14775,ProCredit Mandatory Reserves,Albania,AL,Europe and Central Asia,ECA,Financial,PRI,"13,958,160",12/22/2020,12/21/2025,,1
2021,14776,ProCredit Mandatory Reserves,Georgia,GE,Europe and Central Asia,ECA,Financial,PRI,"58,159,000",12/22/2020,12/21/2025,,1
2021,14777,ProCredit Mandatory Reserves,Ukraine,UA,Europe and Central Asia,ECA,Financial,PRI,"20,937,240",12/22/2020,12/21/2025,,1
2021,14778,ProCredit Mandatory Reserves,Moldova,MD,Europe and Central Asia,ECA,Financial,PRI,"23,263,600",12/22/2020,12/21/2025,,1
2021,14779,ProCredit Mandatory Reserves,Serbia,YF,Europe and Central Asia,ECA,Financial,PRI,"58,159,000",12/22/2020,12/21/2025,,1
2021,14780,ProCredit Mandatory Reserves,Kosovo,XK,Europe and Central Asia,ECA,Financial,PRI,"40,711,300",12/22/2020,12/21/2025,,1
2021,14781,ProCredit Mandatory Reserves,North Macedonia,MK,Europe and Central Asia,ECA,Financial,PRI,"30,242,680",12/22/2020,12/21/2025,,1
2021,14807,Kite ABJ SA,Cote d'Ivoire,CI,Sub-Saharan Africa,SSA,Tourism,PRI,"3,253,572.939",06/30/2021,06/29/2036,,1
2021,14808,Falcon Kite DSS SA,Senegal,SN,Sub-Saharan Africa,SSA,Tourism,PRI,"9,760,511.807",06/30/2021,06/29/2036,,1
2021,14809,Falcon ABJ SA,Cote d'Ivoire,CI,Sub-Saharan Africa,SSA,Tourism,PRI,"2,089,230.347",06/30/2021,06/29/2036,,1
2021,14814,Kite DLA SA,Cameroon,CM,Sub-Saharan Africa,SSA,Tourism,PRI,"3,845,696.75",06/30/2021,06/29/2036,,1
2021,14887,Santander Chile Capital Optimization,Chile,CL,Latin America and the Caribbean,LAC,Financial,PRI,"400,000,000",06/30/2021,06/30/2026,,1
2021,12891,Priorbank J.S.C.,Belarus,BY,Europe and Central Asia,ECA,Financial,PRI,"122,615,075",03/31/2015,03/30/2024,,1
2020,12346,Upper Trishuli-1 Hydropower,Nepal,NP,South Asia,SAR,Infrastructure,PRI,"87,403,500",12/06/2019,12/05/2034,,1
2020,14662,TDB,Regional Development Bank,RDB,Regional Development Bank,RDB,Financial,NH,"405,123,161.4",06/29/2020,06/28/2030,,1
2020,13241,"Banco Santander (Uruguay), S.A.",Uruguay,UY,Latin America and the Caribbean,LAC,Financial,PRI,"100,000,000",03/04/2016,03/03/2026,,1
2020,13242,Banco Santander Rio S.A.,Argentina,AR,Latin America and the Caribbean,LAC,Financial,PRI,"500,000,000",07/01/2017,03/31/2021,,1
2020,14070,Urea Fertilizer,Bangladesh,BD,South Asia,SAR,Manufacturing,NH,"356,756,753.6",02/26/2020,02/18/2034,,1
2020,14220,Beo Cista Energija d.o.o. Beograd,Serbia,YF,Europe and Central Asia,ECA,Infrastructure,PRI,"106,230,147.7",10/01/2019,10/08/2039,,1
2020,14283,Kael Solaire S.A.,Senegal,SN,Sub-Saharan Africa,SSA,Infrastructure,PRI,"3,488,514.569",07/19/2019,07/18/2034,,1
2020,14284,Kahone Solaire S.A.,Senegal,SN,Sub-Saharan Africa,SSA,Infrastructure,PRI,"4,219,518.88",07/19/2019,07/18/2034,,1
2020,14291,Cambodian Transmission Limited,Cambodia,KH,East Asia And Pacific,EAP,Infrastructure,PRI,"74,000,000",08/02/2019,08/01/2029,,1
2020,14303,Ghoubet Wind Power Company SAS,Djibouti,DJ,Middle East and North Africa,MENA,Infrastructure,PRI,"91,593,111.6",12/23/2019,12/22/2039,,1
2020,14340,Azito Phase IV,Cote d'Ivoire,CI,Sub-Saharan Africa,SSA,Infrastructure,PRI,"74,575,845.94",01/23/2020,01/22/2040,,1
2020,14384,ABSA/Barclays Ghana,Ghana,GH,Sub-Saharan Africa,SSA,Financial,PRI,"84,540,000",12/06/2019,12/05/2034,,1
2020,14385,ABSA/Barclays Kenya,Kenya,KE,Sub-Saharan Africa,SSA,Financial,PRI,"109,725,000",12/06/2019,12/05/2034,,1
2020,14386,ABSA/Barclays Mozambique,Mozambique,MZ,Sub-Saharan Africa,SSA,Financial,PRI,"88,552,775.64",12/06/2019,12/05/2034,,1
2020,14387,ABSA/Barclays Seychelles,Seychelles,SC,Sub-Saharan Africa,SSA,Financial,PRI,"40,175,061.1",12/06/2019,12/05/2034,,1
2020,14389,ABSA/Barclays Uganda,Uganda,UG,Sub-Saharan Africa,SSA,Financial,PRI,"41,800,000",12/06/2019,12/05/2034,,1
2020,14390,ABSA/Barclays Zambia,Zambia,ZM,Sub-Saharan Africa,SSA,Financial,PRI,"38,070,000",12/06/2019,12/05/2034,,1
2020,14391,ABSA/Barclays Mauritius,Mauritius,MU,Sub-Saharan Africa,SSA,Financial,PRI,"94,050,000",12/06/2019,12/05/2034,,1
2020,14421,Main Street 957 (RF) Proprietary Limited,South Africa,ZA,Sub-Saharan Africa,SSA,Infrastructure,PRI,"5,994,012.39",12/20/2019,12/19/2034,,1
2020,14422,Ramizone (RF) Proprietary Limited,South Africa,ZA,Sub-Saharan Africa,SSA,Infrastructure,PRI,"11,106,173.43",12/20/2019,12/19/2034,,1
2020,14424,Amstilinx (RF) Proprietary Limited,South Africa,ZA,Sub-Saharan Africa,SSA,Infrastructure,PRI,"10,695,753.61",12/20/2019,12/19/2034,,1
2020,14425,Amstilite (RF) Proprietary Limited,South Africa,ZA,Sub-Saharan Africa,SSA,Infrastructure,PRI,"34,911,142.46",12/20/2019,12/19/2034,,1
2020,14516,Zafarana Solar Power S.A.E.,"Egypt, Arab Republic of",EG,Middle East and North Africa,MENA,Infrastructure,PRI,"12,487,496.64",03/16/2020,06/25/2035,,1
2020,14517,Aswan PV Power S.A.E.,"Egypt, Arab Republic of",EG,Middle East and North Africa,MENA,Infrastructure,PRI,"13,653,425.54",03/16/2020,06/25/2035,,1
2020,14518,Daraw Solar Power S.A.E.,"Egypt, Arab Republic of",EG,Middle East and North Africa,MENA,Infrastructure,PRI,"12,599,995.44",03/16/2020,06/25/2035,,1
2020,14519,Kom Ombo for Renewable Energy S.A.E.,"Egypt, Arab Republic of",EG,Middle East and North Africa,MENA,Infrastructure,PRI,"12,599,998.76",03/16/2020,06/25/2035,,1
2020,14520,Red Sea Solar Power S.A.E.,"Egypt, Arab Republic of",EG,Middle East and North Africa,MENA,Infrastructure,PRI,"12,487,494.1",03/16/2020,06/25/2035,,1
2020,14521,Upper Egypt Solar Power S.A.E.,"Egypt, Arab Republic of",EG,Middle East and North Africa,MENA,Infrastructure,PRI,"12,599,995.07",03/16/2020,06/25/2035,,1
2020,14537,NLB Banka AD Skopje,North Macedonia,MK,Europe and Central Asia,ECA,Financial,PRI,"101,755,811.5",06/30/2020,06/29/2027,,1
2020,14538,"NLB Banka a.d., Banja Luka",Bosnia and Herzegovina,BA,Europe and Central Asia,ECA,Financial,PRI,"71,819,855.01",06/30/2020,06/29/2027,,1
2020,14539,"NLB Banka a.d., Beograd",Serbia,YF,Europe and Central Asia,ECA,Financial,PRI,"34,702,100.14",06/30/2020,04/28/2022,,1
2020,14540,"NLB Banka a.d., Podgorica",Montenegro,ME,Europe and Central Asia,ECA,Financial,PRI,"24,448,938.53",06/30/2020,06/29/2027,,1
2020,14541,"NLB Banka sh.a., Prishtina",Kosovo,XK,Europe and Central Asia,ECA,Financial,PRI,"50,148,296.8",06/30/2020,06/29/2027,,1
2020,14542,"NLB Banka d.d., Sarajevo",Bosnia and Herzegovina,BA,Europe and Central Asia,ECA,Financial,PRI,"56,838,308.43",06/30/2020,06/29/2027,,1
2020,14561,FirstRand Bank Botswana,Botswana,BW,Sub-Saharan Africa,SSA,Financial,PRI,"81,147,972.08",06/30/2020,06/29/2035,,1
2020,14563,FirstRand Bank Lesotho,Lesotho,LS,Sub-Saharan Africa,SSA,Financial,PRI,"5,153,120.07",06/30/2020,06/29/2035,,1
2020,14564,FirstRand Bank Swaziland,Eswatini,SZ,Sub-Saharan Africa,SSA,Financial,PRI,"20,456,625.2",06/30/2020,06/29/2035,,1
2020,14565,FirstRand Bank Zambia,Zambia,ZM,Sub-Saharan Africa,SSA,Financial,PRI,"33,164,854.44",06/30/2020,06/29/2035,,1
2020,14566,FirstRand Bank Mozambique,Mozambique,MZ,Sub-Saharan Africa,SSA,Financial,PRI,"29,704,758.2",06/30/2020,06/29/2035,,1
2020,14567,FirstRand Bank Nigeria,Nigeria,NG,Sub-Saharan Africa,SSA,Financial,PRI,"25,594,210.73",06/30/2020,06/29/2035,,1
2020,14568,FirstRand Bank Ghana,Ghana,GH,Sub-Saharan Africa,SSA,Financial,PRI,"39,735,993.67",06/30/2020,06/29/2035,,1
2020,14587,Alpha Bank Albania SH.A,Albania,AL,Europe and Central Asia,ECA,Financial,PRI,"53,223,750",06/04/2020,06/03/2023,,1
2020,14593,Caja de Ahorros,Panama,PA,Latin America and the Caribbean,LAC,Financial,NH,"284,445,621.3",06/30/2020,06/29/2035,,1
2020,14600,Banco Davivienda,Colombia,CO,Latin America and the Caribbean,LAC,Financial,PRI,"47,500,000",06/30/2020,06/30/2030,,1
2020,14646,Caja de Ahorros COVID-19,Panama,PA,Latin America and the Caribbean,LAC,Financial,NH,"162,957,594.5",06/30/2020,06/29/2025,,1
2020,14652,Bancoldex S.A.,Colombia,CO,Latin America and the Caribbean,LAC,Financial,NH,"385,051,561.1",06/30/2020,06/29/2022,,1
2020,12943,20MW Tina River Hydropower,Solomon Islands,SB,East Asia And Pacific,EAP,Infrastructure,PRI,"14,094,000",01/31/2020,01/30/2040,,1
2019,11071,Cambambe Dam,Angola,AO,Sub-Saharan Africa,SSA,Infrastructure,NH,"1,612,173.75",06/28/2013,10/15/2026,,1
2019,9195,Insurance of Mandatory Reserve at the Central B,North Macedonia,MK,Europe and Central Asia,ECA,Financial,PRI,"6,635,085",12/22/2010,12/21/2020,,1
2019,12131,Myingyan IPP,Myanmar,MM,East Asia And Pacific,EAP,Infrastructure,PRI,"112,883,216.3",03/31/2018,05/15/2036,,1
2019,13075,Nachtigal Hydro Power,Cameroon,CM,Sub-Saharan Africa,SSA,Infrastructure,PRI,"187,955,873.8",12/21/2018,12/20/2033,,1
2019,13240,Banco Santander-Chile,Chile,CL,Latin America and the Caribbean,LAC,Financial,PRI,"1,500,000,000",12/14/2018,12/13/2025,,1
2019,13242,Banco Santander Rio S.A.,Argentina,AR,Latin America and the Caribbean,LAC,Financial,PRI,"247,000,000",07/01/2017,03/31/2021,https://www.miga.org/node/3651,1
2019,13543,Bursa Integrated Health Care Center,Turkiye,TR,Europe and Central Asia,ECA,Services,PRI,"1,982,271.689",05/11/2017,05/10/2032,,1
2019,13755,Ejuva One (Pty) Ltd,Namibia,NA,Sub-Saharan Africa,SSA,Infrastructure,PRI,"332,500",12/15/2017,03/31/2033,,1
2019,13756,Ejuva Two (Pty) Ltd,Namibia,NA,Sub-Saharan Africa,SSA,Infrastructure,PRI,"332,500",12/15/2017,03/31/2033,,1
2019,13803,Pearl Glass,"Egypt, Arab Republic of",EG,Middle East and North Africa,MENA,Manufacturing,PRI,"16,193,715.3",11/06/2018,11/05/2033,,1
2019,13920,Afghan Raisins,Afghanistan,AF,South Asia,SAR,Manufacturing,PRI,"2,375,000",06/26/2018,06/25/2028,,1
2019,13942,Guinea Alumina Corporation S.A.,Guinea,GN,Sub-Saharan Africa,SSA,Mining,PRI,"127,634,381.1",04/10/2019,12/15/2030,,1
2019,14058,Los Hercules Wind Farm,Argentina,AR,Latin America and the Caribbean,LAC,Infrastructure,PRI,"23,938,332.8",12/05/2018,12/04/2025,,1
2019,14085,Armpower,Armenia,AM,Europe and Central Asia,ECA,Infrastructure,PRI,"39,177,000",02/27/2019,02/26/2034,,1
2019,14164,Sierra Tropical Ltd.,Sierra Leone,SL,Sub-Saharan Africa,SSA,Manufacturing,PRI,"36,000,000",06/10/2019,06/09/2029,,1
2019,14225,Scatec Solar Kalkbult (Pty) Ltd RF,South Africa,ZA,Sub-Saharan Africa,SSA,Infrastructure,PRI,"3,330,000",09/30/2018,09/29/2033,,1
2019,14226,Simacel 155 (Pty) Ltd RF,South Africa,ZA,Sub-Saharan Africa,SSA,Infrastructure,PRI,"1,350,000",09/30/2018,09/29/2033,,1
2019,14227,Simacel 160 (Pty) Ltd RF,South Africa,ZA,Sub-Saharan Africa,SSA,Infrastructure,PRI,"2,610,000",09/30/2018,09/29/2033,,1
2019,14238,250 MW Lekela Egypt Wind Power,"Egypt, Arab Republic of",EG,Middle East and North Africa,MENA,Infrastructure,PRI,"122,000,000",06/29/2019,06/28/2039,,1
2019,14244,SEZAD,Oman,OM,Middle East and North Africa,MENA,Infrastructure,NH,"1,701,092,273",06/27/2019,06/12/2034,,1
2019,14271,Sirius Solar Power Plant,South Africa,ZA,Sub-Saharan Africa,SSA,Infrastructure,PRI,"9,090,000",09/30/2018,09/29/2033,,1
2019,14272,Dyason Klip 1 Solar Power,South Africa,ZA,Sub-Saharan Africa,SSA,Infrastructure,PRI,"9,090,000",09/30/2018,09/29/2033,,1
2019,14273,Dyason Klip 2 Solar Power,South Africa,ZA,Sub-Saharan Africa,SSA,Infrastructure,PRI,"9,090,000",09/30/2018,09/29/2033,,1
2019,14292,Tandii Investments (Pty) Ltd,Namibia,NA,Sub-Saharan Africa,SSA,Infrastructure,PRI,"567,000",06/28/2019,06/27/2034,,1
2019,14293,NCF Energy (Pty) Ltd,Namibia,NA,Sub-Saharan Africa,SSA,Infrastructure,PRI,"567,000",06/28/2019,06/27/2034,,1
2019,14295,Turk EximBank III,Turkiye,TR,Europe and Central Asia,ECA,Financial,NH,"606,114,218.8",07/02/2018,06/27/2028,,1
2019,14311,Tobene Power SA,Senegal,SN,Sub-Saharan Africa,SSA,Infrastructure,PRI,"59,371,109.91",06/28/2019,06/27/2034,,1
2019,14317,Karibib Solar Park,Namibia,NA,Sub-Saharan Africa,SSA,Infrastructure,PRI,"2,217,173.82",06/28/2019,06/27/2034,,1
2019,14323,Kaxu Solar One (Pty) Ltd,South Africa,ZA,Sub-Saharan Africa,SSA,Infrastructure,PRI,"98,547,876.63",06/25/2019,06/24/2034,,1
2019,14354,BBAC SAL,Iraq,IQ,Middle East and North Africa,MENA,Financial,PRI,"66,500,000",06/28/2019,06/27/2024,,1
2019,14374,Salima Solar Power,Malawi,MW,Sub-Saharan Africa,SSA,Infrastructure,PRI,"58,578,930",05/24/2019,06/06/2039,,1
2019,14433,"MFOCN, Phase 3",Myanmar,MM,East Asia And Pacific,EAP,Infrastructure,PRI,"116,282,375",06/26/2019,06/25/2024,,1
2019,5326,Aluminum Beverage Can Factory,Ukraine,UA,Europe and Central Asia,ECA,Manufacturing,PRI,"20,700,000",09/04/2003,09/03/2023,,1
2019,6732,Bujagali Hydroelectric Project,Uganda,UG,Sub-Saharan Africa,SSA,Infrastructure,PRI,"150,000,000",06/30/2007,06/28/2038,,1
2019,6732,Bujagali Hydroelectric Project,Uganda,UG,Sub-Saharan Africa,SSA,Infrastructure,PRI,"154,744,000.9",06/30/2007,06/28/2038,,0
2019,9188,Insurance of Mandatory Reserve at the Central B,Bosnia and Herzegovina,BA,Europe and Central Asia,ECA,Financial,PRI,"9,952,627.5",12/22/2010,12/21/2020,,1
2019,9192,Insurance of Mandatory Reserve at the Central B,Georgia,GE,Europe and Central Asia,ECA,Financial,PRI,"6,792,500",12/22/2010,12/21/2020,,1
2019,11576,Distribution Service Provider,Lebanon,LB,Middle East and North Africa,MENA,Services,PRI,"35,460,000",11/01/2013,06/30/2022,,1
2018,12131,Myingyan IPP,Myanmar,MM,East Asia And Pacific,EAP,Infrastructure,PRI,"57,350,925",03/31/2018,05/15/2036,,1
2018,6732,Bujagali Hydroelectric Project,Uganda,UG,Sub-Saharan Africa,SSA,Infrastructure,PRI,"231,279,458.7",06/30/2007,06/28/2038,https://www.miga.org/node/3431,1
2018,12892,Raiffeisen Sh. A.,Albania,AL,Europe and Central Asia,ECA,Financial,PRI,"162,771,432.5",03/31/2015,03/30/2024,https://www.miga.org/node/1861,1
2018,12893,Raiffeisen BANK d.d.,Bosnia and Herzegovina,BA,Europe and Central Asia,ECA,Financial,PRI,"141,693,117.5",06/19/2015,03/30/2024,https://www.miga.org/node/1859,1
2018,12894,Raiffeisen Bank Kosovo J.S.C.,Kosovo,XK,Europe and Central Asia,ECA,Financial,PRI,"54,022,066.7",03/31/2015,03/30/2024,https://www.miga.org/node/1858,1
2018,12895,Raiffeisen banka a.d.,Serbia,YF,Europe and Central Asia,ECA,Financial,PRI,"223,664,342.5",03/31/2015,03/30/2024,https://www.miga.org/node/1857,1
2018,12963,Sirajganj 4,Bangladesh,BD,South Asia,SAR,Infrastructure,PRI,"59,473,623",10/20/2016,11/18/2030,,1
2018,13000,Kigali Bulk Water PPP,Rwanda,RW,Sub-Saharan Africa,SSA,Infrastructure,PRI,"9,965,136.32",03/30/2018,03/29/2038,,1
2018,13105,Silverlands Vineyards Limited (SVL),Namibia,NA,Sub-Saharan Africa,SSA,Agribusiness,PRI,"20,682,000",05/18/2018,01/26/2023,,1
2018,13129,Mezz Tower,Djibouti,DJ,Middle East and North Africa,MENA,Services,PRI,"24,300,000",07/12/2017,06/30/2032,,1
2018,13242,Banco Santander Rio S.A.,Argentina,AR,Latin America and the Caribbean,LAC,Financial,PRI,"250,000,000",07/01/2017,03/31/2021,https://www.miga.org/node/1913,1
2018,13242,Banco Santander Rio S.A.,Argentina,AR,Latin America and the Caribbean,LAC,Financial,PRI,"1,100,000,000",07/01/2017,03/31/2021,https://www.miga.org/node/1913,0
2018,13373,Float Glass,Nigeria,NG,Sub-Saharan Africa,SSA,Manufacturing,PRI,"71,812,058",12/29/2017,05/14/2028,,1
2018,13481,Tasiast Gold Mine,Mauritania,MR,Sub-Saharan Africa,SSA,Mining,PRI,"300,000,000",01/17/2018,01/16/2033,,1
2018,13512,Noupoort Wind Farm,South Africa,ZA,Sub-Saharan Africa,SSA,Infrastructure,PRI,"11,079,495.47",12/29/2017,12/28/2032,,1
2018,13512,Noupoort Wind Farm,South Africa,ZA,Sub-Saharan Africa,SSA,Infrastructure,PRI,"3,007,615.18",12/29/2017,12/28/2032,,0
2018,13513,Loeriesfontein Wind Farm,South Africa,ZA,Sub-Saharan Africa,SSA,Infrastructure,PRI,"23,426,288.91",12/29/2017,12/28/2032,,1
2018,13513,Loeriesfontein Wind Farm,South Africa,ZA,Sub-Saharan Africa,SSA,Infrastructure,PRI,"5,938,309.27",12/29/2017,12/28/2032,,0
2018,13514,Khobab Wind Farm,South Africa,ZA,Sub-Saharan Africa,SSA,Infrastructure,PRI,"24,672,937",12/29/2017,12/28/2032,,1
2018,13514,Khobab Wind Farm,South Africa,ZA,Sub-Saharan Africa,SSA,Infrastructure,PRI,"4,807,569.04",12/29/2017,12/28/2032,,0
2018,13516,Orange Sierra Leone,Sierra Leone,SL,Sub-Saharan Africa,SSA,Infrastructure,PRI,"97,776,707.85",06/29/2018,06/28/2033,,1
2018,13520,TANAP,Azerbaijan,AZ,Europe and Central Asia,ECA,Infrastructure,NH,"1,112,866,358",06/29/2018,07/29/2033,,1
2018,13552,Kangnas Wind Farm,South Africa,ZA,Sub-Saharan Africa,SSA,Infrastructure,PRI,"38,460,018.82",06/06/2018,06/05/2033,,1
2018,13553,Perdekraal East Wind Farm,South Africa,ZA,Sub-Saharan Africa,SSA,Infrastructure,PRI,"34,021,853.8",06/06/2018,06/05/2033,,1
2018,13563,Taiba N?Diaye Wind Power,Senegal,SN,Sub-Saharan Africa,SSA,Infrastructure,PRI,"149,147,092.2",06/29/2018,06/28/2038,,1
2018,13755,Ejuva One (Pty) Ltd,Namibia,NA,Sub-Saharan Africa,SSA,Infrastructure,PRI,"8,554,787.2",12/15/2017,03/31/2033,https://www.miga.org/node/1854,1
2018,13756,Ejuva Two (Pty) Ltd,Namibia,NA,Sub-Saharan Africa,SSA,Infrastructure,PRI,"8,554,787.2",12/15/2017,03/31/2033,,1
2018,13861,Ikitelli Hospital,Turkiye,TR,Europe and Central Asia,ECA,Services,PRI,"118,676,076.9",07/19/2017,07/18/2037,,1
2018,13920,Afghan Raisins,Afghanistan,AF,South Asia,SAR,Manufacturing,PRI,"5,151,900.96",06/26/2018,06/25/2028,https://www.miga.org/node/1883,1
2018,13952,ACWA Ben Ban One for Energy,"Egypt, Arab Republic of",EG,Middle East and North Africa,MENA,Infrastructure,PRI,"39,755,492.12",12/25/2017,01/31/2036,,1
2018,13956,TK Company for Solar and Renewable Energy Syste,"Egypt, Arab Republic of",EG,Middle East and North Africa,MENA,Infrastructure,PRI,"15,771,170.88",12/25/2017,01/31/2036,,1
2018,13959,MMID 30 for Renewable Energy,"Egypt, Arab Republic of",EG,Middle East and North Africa,MENA,Infrastructure,PRI,"1,343,581.26",12/08/2017,12/06/2032,https://www.miga.org/node/3281,1
2018,13960,Phoenix Power 1,"Egypt, Arab Republic of",EG,Middle East and North Africa,MENA,Infrastructure,PRI,"928,998",12/07/2017,12/06/2032,https://www.miga.org/node/1909,1
2018,13961,Infinity Benban Park Solar Energy S.A.E.,"Egypt, Arab Republic of",EG,Middle East and North Africa,MENA,Infrastructure,PRI,"2,247,243.59",12/08/2017,12/06/2032,https://www.miga.org/node/3286,1
2018,13971,Alcom Energy,"Egypt, Arab Republic of",EG,Middle East and North Africa,MENA,Infrastructure,PRI,"42,046,559.58",12/25/2017,01/31/2036,,1
2018,13974,"MFOCN Fiber Network, Phase 2",Myanmar,MM,East Asia And Pacific,EAP,Infrastructure,PRI,"114,760,000",06/29/2018,12/28/2023,https://www.miga.org/node/3371,1
2018,14043,Al Subh Solar Power,"Egypt, Arab Republic of",EG,Middle East and North Africa,MENA,Infrastructure,PRI,"28,979,999.98",01/15/2018,01/14/2033,https://www.miga.org/node/1867,1
2018,14043,Al Subh Solar Power,"Egypt, Arab Republic of",EG,Middle East and North Africa,MENA,Infrastructure,PRI,"-14,489,999.99",01/15/2018,01/14/2033,https://www.miga.org/node/1867,0
2018,14059,Sunrise Energy S.A.E.,"Egypt, Arab Republic of",EG,Middle East and North Africa,MENA,Infrastructure,PRI,"14,490,000",01/15/2018,01/14/2033,https://www.miga.org/node/1865,1
2018,14066,Hyundai Car Assembly and Distribution,Pakistan,PK,South Asia,SAR,Manufacturing,PRI,"67,328,705.1",03/30/2018,03/29/2033,https://www.miga.org/node/3366,1
2018,14068,Airport International Group,Jordan,JO,Middle East and North Africa,MENA,Infrastructure,PRI,"195,154,839",03/31/2018,11/14/2032,https://www.miga.org/node/3331,1
2018,14080,Rising Sun Energy S.A.E.,"Egypt, Arab Republic of",EG,Middle East and North Africa,MENA,Infrastructure,PRI,"14,490,000",01/15/2018,01/14/2033,https://www.miga.org/node/1866,1
2018,14247,Banco Santander Peru S.A.,Peru,PE,Latin America and the Caribbean,LAC,Financial,PRI,"246,645,324.8",06/28/2018,06/27/2025,https://www.miga.org/node/3361,1
2018,12891,Priorbank J.S.C.,Belarus,BY,Europe and Central Asia,ECA,Financial,PRI,"128,811,925",03/31/2015,03/30/2024,https://www.miga.org/node/1860,1
2017,11754,Turkey Gaziantep Hospital BLT Project,Turkiye,TR,Europe and Central Asia,ECA,Services,PRI,"57,613,969.98",04/21/2017,04/20/2037,,1
2017,9987,Insurance of Mandatory Reserve at the Central Bank of Serbia,Serbia,YF,Europe and Central Asia,ECA,Financial,PRI,"7,955,418.75",12/22/2010,12/21/2020,https://www.miga.org/node/1888,1
2017,12425,KDDI Summit Global Myanmar Company Ltd.,Myanmar,MM,East Asia And Pacific,EAP,Infrastructure,PRI,"406,186,000",08/31/2016,08/30/2026,https://www.miga.org/node/2997,1
2017,12574,Silverlands Zambia Limited,Zambia,ZM,Sub-Saharan Africa,SSA,Agribusiness,PRI,"15,212,093",04/13/2017,01/26/2023,https://www.miga.org/node/1892,1
2017,12663,OCTP Sankofa Gas Field Development,Ghana,GH,Sub-Saharan Africa,SSA,Oil and Gas,PRI,"217,103,994.9",12/16/2016,12/15/2030,https://www.miga.org/node/2966,1
2017,12871,Elazig Integrated Health Campus,Turkiye,TR,Europe and Central Asia,ECA,Services,PRI,"325,918,657.2",11/17/2016,12/12/2036,https://www.miga.org/node/2995,1
2017,12892,Raiffeisen Sh. A.,Albania,AL,Europe and Central Asia,ECA,Financial,PRI,"29,691,300",03/31/2015,03/30/2024,https://www.miga.org/node/2971,1
2017,12895,Raiffeisen banka a.d.,Serbia,YF,Europe and Central Asia,ECA,Financial,PRI,"40,578,110",03/31/2015,03/30/2024,https://www.miga.org/node/3071,1
2017,12963,Sirajganj 4,Bangladesh,BD,South Asia,SAR,Infrastructure,PRI,"72,450,000",10/20/2016,11/18/2030,https://www.miga.org/node/1881,1
2017,13255,Alvima Import and Export PLC,Ethiopia,ET,Sub-Saharan Africa,SSA,Manufacturing,PRI,"5,409,468",04/20/2017,04/19/2027,,1
2017,13277,Itezhi Tezhi Hydro Power,Zambia,ZM,Sub-Saharan Africa,SSA,Infrastructure,PRI,"29,061,000",11/22/2016,05/23/2031,,1
2017,13329,Sirajganj 3,Bangladesh,BD,South Asia,SAR,Infrastructure,NH,"69,537,900.99",02/10/2017,03/11/2031,https://www.miga.org/node/3116,1
2017,13335,DBSA,South Africa,ZA,Sub-Saharan Africa,SSA,Financial,NH,"229,171,825",04/04/2017,03/31/2027,https://www.miga.org/node/1954,1
2017,13413,"Myanmar Fiber Optic Communication Network Co., Ltd",Myanmar,MM,East Asia And Pacific,EAP,Infrastructure,PRI,"105,740,937.5",01/24/2017,01/23/2020,https://www.miga.org/node/3151,1
2017,13471,Turkish EximBank II,Turkiye,TR,Europe and Central Asia,ECA,Financial,NH,"382,056,073.1",06/30/2016,11/07/2026,https://www.miga.org/node/3076,1
2017,13482,Ravinala Airports,Madagascar,MG,Sub-Saharan Africa,SSA,Infrastructure,PRI,"72,667,432.8",05/31/2017,06/05/2032,https://www.miga.org/node/3106,1
2017,13502,Bucafe S.A.,Burundi,BI,Sub-Saharan Africa,SSA,Agribusiness|Manufacturing,PRI,"2,065,310.25",02/06/2017,02/05/2027,https://www.miga.org/node/3121,1
2017,13503,Bugestal SPRL,Burundi,BI,Sub-Saharan Africa,SSA,Agribusiness|Manufacturing,PRI,"1,124,632.17",02/06/2017,02/05/2027,https://www.miga.org/node/1904,1
2017,13504,Budeca S.A.,Burundi,BI,Sub-Saharan Africa,SSA,Agribusiness,PRI,"2,424,693.25",02/06/2017,02/05/2027,,1
2017,13509,Land and Agricultural Development Bank of South,South Africa,ZA,Sub-Saharan Africa,SSA,Financial,NH,"448,106,333",04/07/2017,03/20/2027,https://www.miga.org/node/1937,1
2017,13532,Lantmannen Axa,Ukraine,UA,Europe and Central Asia,ECA,Manufacturing,PRI,"6,350,472",12/05/2016,12/04/2026,https://www.miga.org/node/3156,1
2017,13543,Bursa Integrated Health Care Center,Turkiye,TR,Europe and Central Asia,ECA,Services,PRI,"104,184,465.7",05/11/2017,05/10/2032,https://www.miga.org/node/1914,1
2017,13570,Al Zarqa Power Plant for Energy Generation PSC,Jordan,JO,Middle East and North Africa,MENA,Infrastructure,PRI,"215,584,178.9",12/30/2016,12/01/2035,,1
2017,13572,UniCredit Bank Serbia,Serbia,YF,Europe and Central Asia,ECA,Financial,PRI,"318,847,000",12/29/2016,12/28/2026,https://www.miga.org/node/3131,1
2017,13573,UniCredit Bank Banja Luka,Bosnia and Herzegovina,BA,Europe and Central Asia,ECA,Financial,PRI,"49,656,500",12/29/2016,12/28/2026,https://www.miga.org/node/3136,1
2017,13574,UniCredit Bank Mosta,Bosnia and Herzegovina,BA,Europe and Central Asia,ECA,Financial,PRI,"198,626,000",12/29/2016,12/28/2026,https://www.miga.org/node/3141,1
2017,13616,Magyar Export-Import Bank Zrt. - II,Hungary,HU,Europe and Central Asia,ECA,Financial,NH,"312,172,178.1",04/06/2017,04/05/2022,https://www.miga.org/node/1947,1
2017,13880,Ciclo Combinado Tierra Mojada S. de R.L. de CV,Mexico,MX,Latin America and the Caribbean,LAC,Infrastructure,PRI,"962,913,167.6",06/20/2017,06/19/2032,https://www.miga.org/node/2984,1
2017,4138,UT Abidjan,Cote d'Ivoire,CI,Sub-Saharan Africa,SSA,Infrastructure,PRI,"21,194,500",06/28/2012,06/27/2027,https://www.miga.org/node/3081,1
2017,9192,Insurance of Mandatory Reserve at the Central B,Georgia,GE,Europe and Central Asia,ECA,Financial,PRI,"14,250,000",12/22/2010,12/21/2020,https://www.miga.org/node/3086,1
2017,9195,Insurance of Mandatory Reserve at the Central B,North Macedonia,MK,Europe and Central Asia,ECA,Financial,PRI,"10,607,225",12/22/2010,12/21/2020,https://www.miga.org/node/3096,1
2017,9985,Insurance of Mandatory Reserve at the Central B,Moldova,MD,Europe and Central Asia,ECA,Financial,PRI,"10,607,225",12/22/2010,12/21/2020,https://www.miga.org/node/3101,1
2017,11867,Ghorasal 3 Re-Powering,Bangladesh,BD,South Asia,SAR,Infrastructure,NH,"97,327,446",09/29/2016,12/28/2029,https://www.miga.org/node/3018,1
2016,11071,Cambambe Dam,Angola,AO,Sub-Saharan Africa,SSA,Infrastructure,NH,"14,909,105.25",06/28/2013,10/15/2026,https://www.miga.org/node/2961,1
2016,9198,Azura Power West Africa Ltd.,Nigeria,NG,Sub-Saharan Africa,SSA,Infrastructure,PRI,"491,836,649.1",12/21/2015,11/29/2030,https://www.miga.org/node/1968,1
2016,11920,Accugas Ltd.,Nigeria,NG,Sub-Saharan Africa,SSA,Oil and Gas,PRI,"200,000,000",09/30/2015,09/29/2029,https://www.miga.org/node/1975,1
2016,12030,Sirajganj II,Bangladesh,BD,South Asia,SAR,Infrastructure,NH,"68,941,550.6",11/25/2015,06/09/2030,https://www.miga.org/node/1974,1
2016,12063,Global Steel Dust Gulf,Saudi Arabia,SA,Middle East and North Africa,MENA,Manufacturing,PRI,"15,312,912.76",05/13/2016,05/12/2026,https://www.miga.org/node/2998,1
2016,12239,Compagnie Hoteliere du Sahara,Mauritania,MR,Sub-Saharan Africa,SSA,Tourism,PRI,"2,508,877.8",02/01/2016,01/31/2026,https://www.miga.org/node/1964,1
2016,12300,Gigawatt 100MW Gas-Fired Power Plant,Mozambique,MZ,Sub-Saharan Africa,SSA,Infrastructure,PRI,"115,356,700.6",12/03/2015,12/01/2030,https://www.miga.org/node/1973,1
2016,12514,Senegal Cross Currency Swap,Senegal,SN,Sub-Saharan Africa,SSA,Financial,NH,"100,185,100.5",07/30/2015,08/20/2024,https://www.miga.org/node/1983,1
2016,12563,Alpha Bank Albania SHA,Albania,AL,Europe and Central Asia,ECA,Financial,PRI,"52,943,500",06/30/2016,06/29/2019,https://www.miga.org/node/1960,1
2016,12595,Eskom Holdings SOC Ltd,South Africa,ZA,Sub-Saharan Africa,SSA,Infrastructure,NH,"783,178,796.1",03/29/2016,03/28/2031,https://www.miga.org/node/1962,1
2016,12869,Hoi Xuan Hydropower,Vietnam,VN,East Asia And Pacific,EAP,Infrastructure,NH,"239,763,486.8",01/09/2016,01/08/2031,https://www.miga.org/node/1966,1
2016,12891,Priorbank J.S.C.,Belarus,BY,Europe and Central Asia,ECA,Financial,PRI,"58,600,987.5",03/31/2015,03/30/2024,https://www.miga.org/node/1963,1
2016,13241,"Banco Santander (Uruguay), S.A.",Uruguay,UY,Latin America and the Caribbean,LAC,Financial,PRI,"439,348,567.6",03/04/2016,03/03/2026,https://www.miga.org/node/1977,1
2016,13471,Turkish EximBank II,Turkiye,TR,Europe and Central Asia,ECA,Financial,NH,"615,677,704.9",06/30/2016,11/07/2026,https://www.miga.org/node/3111,1
2016,7041,Oyu Tolgoi Project,Mongolia,MN,East Asia And Pacific,EAP,Mining,PRI,"1,000,000,000",12/16/2015,12/15/2027,https://www.miga.org/node/1972,1
2016,7147,Bartrac Equipment,"Congo, Democratic Republic of",ZR,Sub-Saharan Africa,SSA,Services,PRI,"74,700,000",11/30/2007,03/16/2026,https://www.miga.org/node/2999,1
2016,7147,Bartrac Equipment,"Congo, Democratic Republic of",ZR,Sub-Saharan Africa,SSA,Services,PRI,"-25,150,000",11/30/2007,03/16/2026,https://www.miga.org/node/2999,0
2016,11824,Cangzhou Seawater Desalination,China,CN,East Asia And Pacific,EAP,Infrastructure,PRI,"9,855,000",12/18/2015,12/17/2030,https://www.miga.org/node/3000,1
2015,10120,EcoPlanet Bamboo Plantation,Nicaragua,NI,Latin America and the Caribbean,LAC,Agribusiness,PRI,"21,782,330.1",12/21/2012,12/20/2027,https://www.miga.org/node/3010,1
2015,10590,Insurance of Mandatory Reserve at the Central Banks - Master Contract,Bolivia,BO,Latin America and the Caribbean,LAC,Financial,PRI,"6,782,000",12/22/2011,12/21/2020,https://www.miga.org/node/1991,1
2015,10886,Cargo Services Freetown International Airport,Sierra Leone,SL,Sub-Saharan Africa,SSA,Services,PRI,"4,822,020",12/06/2012,08/07/2024,https://www.miga.org/node/2043,1
2015,11051,Egyptian Refining Company (Takrir) S.A.E.,"Egypt, Arab Republic of",EG,Middle East and North Africa,MENA,Oil and Gas,PRI,"23,400,000",07/10/2014,07/09/2022,https://www.miga.org/node/2050,1
2015,11564,Silverlands Ranching,Zambia,ZM,Sub-Saharan Africa,SSA,Agribusiness,PRI,"16,200,000",05/22/2013,05/21/2023,https://www.miga.org/node/2951,1
2015,11564,Silverlands Ranching,Zambia,ZM,Sub-Saharan Africa,SSA,Agribusiness,PRI,"-8,820,000",05/22/2013,05/21/2023,https://www.miga.org/node/2951,0
2015,11683,Ajax,Nicaragua,NI,Latin America and the Caribbean,LAC,Manufacturing,PRI,"10,980,000",12/29/2014,12/28/2024,https://www.miga.org/node/3021,1
2015,11695,Manufacturing of Flexible Packaging Materials,"Egypt, Arab Republic of",EG,Middle East and North Africa,MENA,Manufacturing,PRI,"10,234,581.18",06/25/2014,06/24/2029,https://www.miga.org/node/2003,1
2015,11804,Helios Towers DRC Infraco SPRL,"Congo, Democratic Republic of",ZR,Sub-Saharan Africa,SSA,Infrastructure,PRI,"30,216,746.99",12/17/2013,03/15/2021,https://www.miga.org/node/2012,1
2015,11853,Corredor Turistico De Honduras,Honduras,HN,Latin America and the Caribbean,LAC,Infrastructure,PRI,"187,878,629.6",04/17/2015,06/29/2035,https://www.miga.org/node/3014,1
2015,11861,Financiera del Desarollo S.A. (Findeter S.A.),Colombia,CO,Latin America and the Caribbean,LAC,Financial,NH,"95,000,000",01/12/2015,01/11/2025,https://www.miga.org/node/2021,1
2015,11862,PT Rajamandala Electric Power,Indonesia,ID,East Asia And Pacific,EAP,Infrastructure,PRI,"200,000,000",08/07/2014,08/06/2033,https://www.miga.org/node/2045,1
2015,11913,AFP Crecer S.A.,El Salvador,SV,Latin America and the Caribbean,LAC,Financial,PRI,"92,250,000",07/01/2014,06/30/2024,https://www.miga.org/node/2058,1
2015,11950,ADA Steel Mill,Angola,AO,Sub-Saharan Africa,SSA,Manufacturing,PRI,"69,993,000",06/12/2015,06/11/2025,https://www.miga.org/node/3007,1
2015,12118,Adana Integrated Health Campus,Turkiye,TR,Europe and Central Asia,ECA,Services,PRI,"157,454,975.2",12/18/2014,12/17/2034,https://www.miga.org/node/2040,1
2015,12182,Mpongwe Milling,Zambia,ZM,Sub-Saharan Africa,SSA,Agribusiness,PRI,"23,750,000",12/19/2014,12/18/2025,https://www.miga.org/node/2030,1
2015,12191,Sao Paulo Sustainable Transport Project,Brazil,BR,Latin America and the Caribbean,LAC,Infrastructure,NH,"360,753,873.8",11/11/2014,10/15/2026,https://www.miga.org/node/2031,1
2015,12315,Adjaristsqali Hydro,Georgia,GE,Europe and Central Asia,ECA,Infrastructure,PRI,"63,000,000",04/09/2015,04/08/2030,https://www.miga.org/node/2010,1
2015,12353,Silverlands Tanzania Limited,Tanzania,TZ,Sub-Saharan Africa,SSA,Agribusiness,PRI,"28,890,000",10/27/2014,01/26/2023,https://www.miga.org/node/2035,1
2015,12360,Orfin Finansman A.S.,Turkiye,TR,Europe and Central Asia,ECA,Financial,PRI,"57,738,625",12/31/2014,12/30/2021,https://www.miga.org/node/2051,1
2015,12435,EcoPlanet Bamboo Southern Africa (PTY) LTD,South Africa,ZA,Sub-Saharan Africa,SSA,Agribusiness,PRI,"8,640,000",01/28/2015,01/27/2025,https://www.miga.org/node/2055,1
2015,12513,Gulpur Hydropower,Pakistan,PK,South Asia,SAR,Infrastructure,PRI,"82,667,250",06/30/2015,06/29/2030,https://www.miga.org/node/1988,1
2015,12516,Uskudar Metro,Turkiye,TR,Europe and Central Asia,ECA,Infrastructure,NH,"192,904,774.3",02/12/2015,02/05/2028,https://www.miga.org/node/3016,1
2015,12580,IMM - Light Rail,Turkiye,TR,Europe and Central Asia,ECA,Infrastructure,NH,"32,660,128.37",06/30/2015,05/31/2030,https://www.miga.org/node/2036,1
2015,12664,Jordan Solar One,Jordan,JO,Middle East and North Africa,MENA,Infrastructure,PRI,"6,120,000",06/17/2015,06/16/2035,https://www.miga.org/node/2037,1
2015,12716,Adenium Jordan - 1,Jordan,JO,Middle East and North Africa,MENA,Infrastructure,PRI,"9,450,000",06/17/2015,06/16/2035,https://www.miga.org/node/2038,1
2015,12720,Sistemas Fotovoltaicos and Soluciones Energetic,Honduras,HN,Latin America and the Caribbean,LAC,Infrastructure,PRI,"56,660,305.5",05/29/2015,05/28/2035,https://www.miga.org/node/2034,1
2015,12870,Yozgat Education and Research Hospital,Turkiye,TR,Europe and Central Asia,ECA,Services,PRI,"51,731,276.38",06/19/2015,06/18/2035,https://www.miga.org/node/3009,1
2015,12891,Priorbank J.S.C.,Belarus,BY,Europe and Central Asia,ECA,Financial,PRI,"56,116,500",03/31/2015,03/30/2024,https://www.miga.org/node/2024,1
2015,12892,Raiffeisen Sh. A.,Albania,AL,Europe and Central Asia,ECA,Financial,PRI,"111,212,700",03/31/2015,03/30/2024,https://www.miga.org/node/2026,1
2015,12893,Raiffeisen BANK d.d.,Bosnia and Herzegovina,BA,Europe and Central Asia,ECA,Financial,PRI,"129,876,257.5",06/19/2015,03/30/2024,https://www.miga.org/node/2022,1
2015,12894,Raiffeisen Bank Kosovo J.S.C.,Kosovo,XK,Europe and Central Asia,ECA,Financial,PRI,"47,069,078.52",03/31/2015,03/30/2024,https://www.miga.org/node/2025,1
2015,12895,Raiffeisen banka a.d.,Serbia,YF,Europe and Central Asia,ECA,Financial,PRI,"153,045,000",03/31/2015,03/30/2024,https://www.miga.org/node/2023,1
2015,4138,UT Abidjan,Cote d'Ivoire,CI,Sub-Saharan Africa,SSA,Infrastructure,PRI,"13,268,699.19",06/28/2012,06/27/2027,https://www.miga.org/node/1987,1
2015,6732,Bujagali Hydroelectric Project,Uganda,UG,Sub-Saharan Africa,SSA,Infrastructure,PRI,"9,500,000",06/30/2007,06/28/2038,https://www.miga.org/node/2042,1
2015,7879,Africa Juice TSC,Ethiopia,ET,Sub-Saharan Africa,SSA,Agribusiness,PRI,"1,109,128.3",03/12/2010,03/11/2020,https://www.miga.org/node/1995,1
2015,8007,OOO Ken-Pak Zavod Upakovki,Russian Federation,RU,Europe and Central Asia,ECA,Manufacturing,PRI,"61,750,000",09/04/2009,09/03/2024,https://www.miga.org/node/2041,1
2015,9189,Insurance of Mandatory Reserve at the Central Bank of Democratic Republic of Congo,"Congo, Democratic Republic of",ZR,Sub-Saharan Africa,SSA,Financial,PRI,"3,680,880",12/22/2010,12/21/2020,https://www.miga.org/node/2956,1
2015,9192,Insurance of Mandatory Reserve at the Central B,Georgia,GE,Europe and Central Asia,ECA,Financial,PRI,"6,782,000",12/22/2010,12/21/2020,https://www.miga.org/node/3091,1
2015,9416,Turkish Eximbank,Turkiye,TR,Europe and Central Asia,ECA,Financial,NH,"333,215,510.7",03/31/2015,03/28/2025,https://www.miga.org/node/2047,1
2015,9985,Insurance of Mandatory Reserve at the Central B,Moldova,MD,Europe and Central Asia,ECA,Financial,PRI,"7,887,600",12/22/2010,12/21/2020,https://www.miga.org/node/1994,1
2014,10020,Panama Metro,Panama,PA,Latin America and the Caribbean,LAC,Infrastructure,NH,"320,000,000",06/29/2012,06/21/2024,https://www.miga.org/node/2075,1
2014,9170,Nafith Logistics FZ,Iraq,IQ,Middle East and North Africa,MENA,Services,PRI,"8,316,000",06/15/2014,06/14/2024,https://www.miga.org/node/2071,1
2014,11093,Foxtrot,Cote d'Ivoire,CI,Sub-Saharan Africa,SSA,Oil and Gas,PRI,"515,531,327.3",12/28/2012,12/31/2019,https://www.miga.org/node/2056,1
2014,11093,Foxtrot,Cote d'Ivoire,CI,Sub-Saharan Africa,SSA,Oil and Gas,PRI,"-421,036,622.8",12/28/2012,12/31/2019,https://www.miga.org/node/2056,0
2014,11193,Afghan Industrial Cashmere Scouring & Disinfecting Facility,Afghanistan,AF,South Asia,SAR,Manufacturing,PRI,"817,000",06/28/2013,08/12/2023,https://www.miga.org/node/2094,1
2014,11286,MIDO Dairy Production Co.Ltd,Afghanistan,AF,South Asia,SAR,Manufacturing,PRI,"1,815,332.512",11/22/2013,11/21/2023,https://www.miga.org/node/2093,1
2014,11342,Upgrading of National Highway 20,Vietnam,VN,East Asia And Pacific,EAP,Infrastructure,NH,"500,000,000",03/07/2014,03/07/2029,https://www.miga.org/node/2067,1
2014,11370,LTE Network Deployment,Iraq,IQ,Middle East and North Africa,MENA,Infrastructure,PRI,"10,436,727",10/02/2013,10/01/2015,https://www.miga.org/node/2087,1
2014,11464,Porsche Mobility - Porsche Leasing,Ukraine,UA,Europe and Central Asia,ECA,Financial,PRI,"23,940,000",09/23/2013,07/14/2028,https://www.miga.org/node/2096,1
2014,11576,Distribution Service Provider,Lebanon,LB,Middle East and North Africa,MENA,Services,PRI,"35,460,000",11/01/2013,06/30/2022,https://www.miga.org/node/2082,1
2014,11695,Manufacturing of Flexible Packaging Materials,"Egypt, Arab Republic of",EG,Middle East and North Africa,MENA,Manufacturing,PRI,"26,425,000",06/25/2014,06/24/2029,https://www.miga.org/node/2084,1
2014,11756,Cotecna Inspection S.A. Burundi Liaison Office,Burundi,BI,Sub-Saharan Africa,SSA,Services,PRI,"8,452,431",06/27/2014,06/26/2022,https://www.miga.org/node/3025,1
2014,11802,Magyar Export-Import Bank Zrt.,Hungary,HU,Europe and Central Asia,ECA,Financial,NH,"574,866,731.3",10/01/2013,05/13/2019,https://www.miga.org/node/2090,1
2014,11804,Helios Towers DRC Infraco SPRL,"Congo, Democratic Republic of",ZR,Sub-Saharan Africa,SSA,Infrastructure,PRI,"94,571,340.3",12/17/2013,03/15/2021,https://www.miga.org/node/3036,1
2014,11911,Societe Generale SRBIJA,Serbia,YF,Europe and Central Asia,ECA,Financial,PRI,"206,497,500",12/31/2013,12/30/2023,https://www.miga.org/node/2085,1
2014,12004,JV RCI Banque,Russian Federation,RU,Europe and Central Asia,ECA,Financial,PRI,"392,345,250",12/31/2013,12/30/2019,https://www.miga.org/node/2081,1
2014,12211,Vojvodjanska banka a.d. Novi Sad,Serbia,YF,Europe and Central Asia,ECA,Financial,PRI,"214,980,630",03/31/2014,03/30/2017,https://www.miga.org/node/2074,1
2014,12212,Stopanska Banka,North Macedonia,MK,Europe and Central Asia,ECA,Financial,PRI,"144,194,325",03/31/2014,03/30/2017,https://www.miga.org/node/2073,1
2014,12214,AES Sonel,Cameroon,CM,Sub-Saharan Africa,SSA,Infrastructure,PRI,"180,000,000",06/12/2014,06/11/2029,https://www.miga.org/node/2070,1
2014,12218,Dibamba Power Development Company,Cameroon,CM,Sub-Saharan Africa,SSA,Infrastructure,PRI,"31,513,005.58",06/13/2014,05/10/2031,https://www.miga.org/node/3029,1
2014,12240,IMM - Tramway,Turkiye,TR,Europe and Central Asia,ECA,Infrastructure,NH,"91,094,139.53",06/05/2014,02/26/2027,https://www.miga.org/node/2072,1
2014,12242,Kribi Power Generation Company,Cameroon,CM,Sub-Saharan Africa,SSA,Infrastructure,PRI,"78,211,603.23",06/13/2014,05/18/2033,https://www.miga.org/node/3030,1
2014,7552,I.C.S. Raiffeisen Leasing S.R.L.,Moldova,MD,Europe and Central Asia,ECA,Financial,PRI,"6,469,975",06/18/2008,12/20/2019,https://www.miga.org/node/2069,1
2014,7617,Proyecto Eolico Cerro de Hula,Honduras,HN,Latin America and the Caribbean,LAC,Infrastructure,PRI,"82,407,210",12/20/2013,12/19/2033,https://www.miga.org/node/3035,1
2014,10646,Gulf Power Limited,Kenya,KE,Sub-Saharan Africa,SSA,Infrastructure,PRI,"27,889,382.38",06/16/2014,01/15/2028,https://www.miga.org/node/2068,1
2013,10120,EcoPlanet Bamboo Plantation,Nicaragua,NI,Latin America and the Caribbean,LAC,Agribusiness,PRI,"27,000,000",12/21/2012,12/20/2027,https://www.miga.org/node/3048,1
2013,9993,83 Megawatt Kitengela Power Plant,Kenya,KE,Sub-Saharan Africa,SSA,Infrastructure,PRI,"113,601,845",06/28/2013,05/28/2029,https://www.miga.org/node/2107,1
2013,10457,Tender 17/2011 Minister of Finance El Salvador,El Salvador,SV,Latin America and the Caribbean,LAC,Services,PRI,"23,750,000",06/27/2013,06/26/2025,https://www.miga.org/node/3042,1
2013,10517,Ashuganj Power 450MW Gas Fired Project,Bangladesh,BD,South Asia,SAR,Infrastructure,NH,"251,371,686",12/28/2012,06/30/2026,https://www.miga.org/node/2133,1
2013,10535,Yalelo,Zambia,ZM,Sub-Saharan Africa,SSA,Agribusiness,PRI,"2,884,500",03/12/2013,03/12/2023,https://www.miga.org/node/2148,1
2013,10572,Apache Corporation,"Egypt, Arab Republic of",EG,Middle East and North Africa,MENA,Oil and Gas,PRI,"150,000,000",10/02/2012,12/21/2024,https://www.miga.org/node/3055,1
2013,10753,Eurobank EFG A.D. Beograd,Serbia,YF,Europe and Central Asia,ECA,Financial,PRI,"247,351,500",03/01/2013,02/29/2016,https://www.miga.org/node/2131,1
2013,10762,Packages/ SE Joint Venture - working name Project Lizard,Pakistan,PK,South Asia,SAR,Manufacturing,PRI,"72,000,000",05/31/2013,05/30/2028,https://www.miga.org/node/3046,1
2013,10886,Cargo Services Freetown International Airport,Sierra Leone,SL,Sub-Saharan Africa,SSA,Services,PRI,"1,861,691.25",12/06/2012,08/07/2024,https://www.miga.org/node/2153,1
2013,10994,Eolo de Nicaragua (Eolo),Nicaragua,NI,Latin America and the Caribbean,LAC,Infrastructure,PRI,"16,290,000",08/10/2012,08/09/2032,https://www.miga.org/node/3051,1
2013,11071,Cambambe Dam,Angola,AO,Sub-Saharan Africa,SSA,Infrastructure,NH,"511,828,888",06/28/2013,10/15/2026,https://www.miga.org/node/2102,1
2013,11093,Foxtrot,Cote d'Ivoire,CI,Sub-Saharan Africa,SSA,Oil and Gas,PRI,"494,000,000",12/28/2012,12/31/2019,https://www.miga.org/node/2152,1
2013,11093,Foxtrot,Cote d'Ivoire,CI,Sub-Saharan Africa,SSA,Oil and Gas,PRI,"8,100,000",12/28/2012,12/31/2019,https://www.miga.org/node/2152,0
2013,11193,Afghan Industrial Cashmere Scouring & Disinfecting Facility,Afghanistan,AF,South Asia,SAR,Manufacturing,PRI,"1,192,500",06/28/2013,08/12/2023,https://www.miga.org/node/2129,1
2013,11391,Somawhe Estates Limited,Zambia,ZM,Sub-Saharan Africa,SSA,Agribusiness,PRI,"45,907,793",06/27/2013,05/13/2028,https://www.miga.org/node/3039,1
2013,11564,Silverlands Ranching,Zambia,ZM,Sub-Saharan Africa,SSA,Agribusiness,PRI,"8,820,000",05/22/2013,05/21/2023,https://www.miga.org/node/2121,1
2013,11593,Erste Bank a.d. Novi Sad Serbia,Serbia,YF,Europe and Central Asia,ECA,Financial,PRI,"73,863,450",05/24/2013,05/23/2028,https://www.miga.org/node/2118,1
2013,11597,GeoCapital Microfinance Organization LLC,Georgia,GE,Europe and Central Asia,ECA,Financial,PRI,"1,765,307.13",05/29/2013,05/28/2016,https://www.miga.org/node/2120,1
2013,11656,Compagnie Hoteliere de la Lagune S.A.,Cote d'Ivoire,CI,Sub-Saharan Africa,SSA,Tourism,PRI,"7,421,033.25",06/28/2013,06/27/2023,https://www.miga.org/node/2119,1
2013,11675,Masan Industrial One member Company Limited,Vietnam,VN,East Asia And Pacific,EAP,Manufacturing,PRI,"167,664,312.5",06/28/2013,12/27/2016,https://www.miga.org/node/2116,1
2013,11740,Raiffeisen Bank Aval - Joint Stock Company,Ukraine,UA,Europe and Central Asia,ECA,Financial,PRI,"142,500,000",06/24/2013,04/01/2016,https://www.miga.org/node/2114,1
2013,11781,IMM - Ferry,Turkiye,TR,Europe and Central Asia,ECA,Infrastructure,NH,"65,460,057.23",06/27/2013,05/12/2023,https://www.miga.org/node/3038,1
2013,3943,As Samra,Jordan,JO,Middle East and North Africa,MENA,Infrastructure,PRI,"13,122,000",05/01/2006,06/26/2033,https://www.miga.org/node/3040,1
2013,6693,TradeNet,Madagascar,MG,Sub-Saharan Africa,SSA,Services,PRI,"2,853,837.53",10/12/2007,05/31/2017,https://www.miga.org/node/3044,1
2013,6732,Bujagali Hydroelectric Project,Uganda,UG,Sub-Saharan Africa,SSA,Infrastructure,PRI,"5,255,999.1",06/30/2007,06/28/2038,https://www.miga.org/node/2146,1
2013,8296,Azito Phase III,Cote d'Ivoire,CI,Sub-Saharan Africa,SSA,Infrastructure,PRI,"116,056,757",12/21/2012,12/20/2032,https://www.miga.org/node/2135,1
2013,8429,Programme D'Inspectionet De Verifications Des Impo,Niger,NE,Sub-Saharan Africa,SSA,Services,PRI,"6,223,709.7",12/19/2012,12/18/2018,https://www.miga.org/node/3049,1
2013,9286,Seawater Desalination Project - Ghana,Ghana,GH,Sub-Saharan Africa,SSA,Infrastructure,PRI,"179,206,500",10/25/2012,10/24/2032,https://www.miga.org/node/3066,1
2013,9441,Jafara Group,Libya,LY,Middle East and North Africa,MENA,Manufacturing,PRI,"9,821,100",09/28/2012,09/27/2022,https://www.miga.org/node/2167,1
2013,9692,Scanning of Imported Goods,Gabon,GA,Sub-Saharan Africa,SSA,Services,PRI,"7,518,685",06/27/2013,06/26/2023,https://www.miga.org/node/3041,1
2013,10253,I.C.S. Raiffeisen Leasing S.R.L.,Moldova,MD,Europe and Central Asia,ECA,Financial,PRI,"6,039,862.5",11/09/2012,12/31/2017,https://www.miga.org/node/2147,1
2012,10003,Star Hydro Power Limited,Pakistan,PK,South Asia,SAR,Infrastructure,PRI,"148,500,000",06/29/2012,06/28/2032,https://www.miga.org/node/2215,1
2012,9987,Insurance of Mandatory Reserve at the Central Bank of Serbia,Serbia,YF,Europe and Central Asia,ECA,Financial,PRI,"80,615,747.23",12/22/2010,12/21/2020,https://www.miga.org/node/2235,1
2012,10020,Panama Metro,Panama,PA,Latin America and the Caribbean,LAC,Infrastructure,NH,"320,000,000",06/29/2012,06/21/2024,https://www.miga.org/node/2166,1
2012,10072,HTT-Telecom S.A.,Cameroon,CM,Sub-Saharan Africa,SSA,Infrastructure,PRI,"6,467,923.018",06/29/2012,06/30/2022,https://www.miga.org/node/2193,1
2012,10114,Takoradi Renewable Energy Ltd. (TREL) Ghana,Ghana,GH,Sub-Saharan Africa,SSA,Manufacturing,PRI,"9,200,234.332",05/24/2012,05/23/2022,https://www.miga.org/node/2194,1
2012,10163,"M-BL, Drustvo za Trgovinu na Veliko i Malo, d.o.o., Aleja Svetog",Bosnia and Herzegovina,BA,Europe and Central Asia,ECA,Retail,PRI,"37,703,551.63",08/04/2011,05/30/2020,https://www.miga.org/node/2229,1
2012,10174,"Mercator BH, Trgovina na veliko I moalo d.o.o., Sarajevo, UI. Lo",Bosnia and Herzegovina,BA,Europe and Central Asia,ECA,Retail,PRI,"43,105,608",08/04/2011,06/08/2015,https://www.miga.org/node/2231,1
2012,10180,Ro Pax Vessel,Tunisia,TN,Middle East and North Africa,MENA,Infrastructure,NH,"217,693,165.1",08/23/2011,08/22/2024,https://www.miga.org/node/2233,1
2012,10203,Mercator - S.d.o.o,Serbia,YF,Europe and Central Asia,ECA,Retail,PRI,"12,763,193.76",07/15/2011,07/30/2012,https://www.miga.org/node/2228,1
2012,10204,Mercator BH - Bosnia and Herzegovina,Bosnia and Herzegovina,BA,Europe and Central Asia,ECA,Retail,PRI,"5,611,711.56",08/04/2011,11/06/2012,https://www.miga.org/node/2183,1
2012,10205,Mercator -S d.o.o - Serbia,Serbia,YF,Europe and Central Asia,ECA,Retail,PRI,"16,709,353.92",07/15/2011,10/15/2012,https://www.miga.org/node/2186,1
2012,10224,"Mercator - Hd.o.o., Ljudevita Posavskoga",Croatia,HR,Europe and Central Asia,ECA,Retail,PRI,"5,925,660.02",08/08/2011,08/07/2014,https://www.miga.org/node/2189,1
2012,10226,"Mercator - H d.o.o., Ljudevita Posavskoga 5, Sesvete, Croatia",Croatia,HR,Europe and Central Asia,ECA,Retail,PRI,"29,033,565.6",08/04/2011,03/28/2016,https://www.miga.org/node/2230,1
2012,10227,"Mercator - H d.o.o., Ljudevita Posavskoga 5, Sesvete, Croatia",Croatia,HR,Europe and Central Asia,ECA,Retail,PRI,"8,117,406.67",08/04/2011,06/30/2014,https://www.miga.org/node/2188,1
2012,10228,"Mercator - H d.o.o., Ljudevita Posavskoga 5, Sesvete, Croatia",Croatia,HR,Europe and Central Asia,ECA,Retail,PRI,"8,190,065.52",08/04/2011,06/30/2014,https://www.miga.org/node/2187,1
2012,10290,Wastewater Treatment,China,CN,East Asia And Pacific,EAP,Infrastructure,PRI,"57,000,000",03/28/2012,03/27/2018,https://www.miga.org/node/3062,1
2012,10303,Unifruit,Ethiopia,ET,Sub-Saharan Africa,SSA,Agribusiness,PRI,"2,857,590",03/29/2012,03/29/2022,https://www.miga.org/node/2213,1
2012,10391,Jordan Bromine Company,Jordan,JO,Middle East and North Africa,MENA,Manufacturing,PRI,"199,800,000",06/15/2012,06/14/2027,https://www.miga.org/node/3053,1
2012,10398,Whirlpool Ukraine,Ukraine,UA,Europe and Central Asia,ECA,Manufacturing,PRI,"6,566,956.84",06/22/2012,12/12/2017,https://www.miga.org/node/2177,1
2012,10590,Insurance of Mandatory Reserve at the Central Banks - Master Contract,Bolivia,BO,Latin America and the Caribbean,LAC,Financial,PRI,"10,776,990",12/22/2011,12/21/2020,https://www.miga.org/node/2223,1
2012,10592,Insurance of Mandatory Reserve at the Central Banks - Master Contract,El Salvador,SV,Latin America and the Caribbean,LAC,Financial,PRI,"22,836,955",12/22/2011,12/21/2020,https://www.miga.org/node/2222,1
2012,10706,Motorcare Sierra Leone Limited,Sierra Leone,SL,Sub-Saharan Africa,SSA,Retail,PRI,"900,000",04/23/2012,04/22/2022,https://www.miga.org/node/2202,1
2012,11420,"Mercator BH, Trgovina na veliko I moalo d.o.o., Sarajevo, UI. Lo - 2",Bosnia and Herzegovina,BA,Europe and Central Asia,ECA,Retail,PRI,"13,928,681.93",08/04/2011,11/23/2016,,1
2012,1258,HBZ Bank Limited,South Africa,ZA,Sub-Saharan Africa,SSA,Financial,PRI,"12,451,577.2",04/09/1996,03/29/2027,https://www.miga.org/node/2195,1
2012,3014,Turkmenistan Coca-Cola Bottlers Ltd,Turkmenistan,TM,Europe and Central Asia,ECA,Manufacturing,PRI,"11,476,857",07/01/1999,06/24/2019,https://www.miga.org/node/2164,1
2012,3014,Turkmenistan Coca-Cola Bottlers Ltd,Turkmenistan,TM,Europe and Central Asia,ECA,Manufacturing,PRI,"-2,826,250",07/01/1999,06/24/2019,https://www.miga.org/node/2164,0
2012,3658,"OrPower 4, Inc.",Kenya,KE,Sub-Saharan Africa,SSA,Infrastructure,PRI,"134,000,000",06/30/2000,09/21/2026,https://www.miga.org/node/2234,1
2012,3658,"OrPower 4, Inc.",Kenya,KE,Sub-Saharan Africa,SSA,Infrastructure,PRI,"-35,000,000",06/30/2000,09/21/2026,https://www.miga.org/node/2234,0
2012,4138,UT Abidjan,Cote d'Ivoire,CI,Sub-Saharan Africa,SSA,Infrastructure,PRI,"144,986,876.8",06/28/2012,06/27/2027,https://www.miga.org/node/3067,1
2012,6589,GSM Services,Afghanistan,AF,South Asia,SAR,Infrastructure,PRI,"154,850,000",06/29/2007,07/06/2021,https://www.miga.org/node/2236,1
2012,6589,GSM Services,Afghanistan,AF,South Asia,SAR,Infrastructure,PRI,"-74,500,000",06/29/2007,07/06/2021,https://www.miga.org/node/2236,0
2012,7552,I.C.S. Raiffeisen Leasing S.R.L.,Moldova,MD,Europe and Central Asia,ECA,Financial,PRI,"6,480,413.6",06/18/2008,12/20/2019,https://www.miga.org/node/1887,1
2012,7790,ADC - South Africa,South Africa,ZA,Sub-Saharan Africa,SSA,Financial,PRI,"825,284.2",02/17/2009,02/17/2019,https://www.miga.org/node/2155,1
2012,7840,ContourGlobal KivuWatt,Rwanda,RW,Sub-Saharan Africa,SSA,Infrastructure,PRI,"95,377,708.8",05/03/2011,05/02/2031,https://www.miga.org/node/2184,1
2012,7840,ContourGlobal KivuWatt,Rwanda,RW,Sub-Saharan Africa,SSA,Infrastructure,PRI,"-28,620,000",05/03/2011,05/02/2031,https://www.miga.org/node/2184,0
2012,7869,Hydroelectric Power Plant Ashta,Albania,AL,Europe and Central Asia,ECA,Infrastructure,PRI,"159,373,920",02/01/2012,01/31/2032,https://www.miga.org/node/3060,1
2012,8420,Khauzak-Shady-Kandym,Uzbekistan,UZ,Europe and Central Asia,ECA,Oil and Gas,PRI,"119,500,000",05/16/2012,03/31/2019,https://www.miga.org/node/2260,1
2012,8425,Takoradi Power Plant,Ghana,GH,Sub-Saharan Africa,SSA,Infrastructure,NH,"88,350,000",02/03/2012,02/02/2027,https://www.miga.org/node/2199,1
2012,8486,ABC Holdings,Botswana,BW,Sub-Saharan Africa,SSA,Financial,PRI,"12,068,100",04/01/2012,03/31/2022,https://www.miga.org/node/2237,1
2012,8503,Zagrebacka Banka d.d.,Croatia,HR,Europe and Central Asia,ECA,Financial,PRI,"298,786,875",06/23/2010,12/22/2017,https://www.miga.org/node/2175,1
2012,9162,Insurance of Mandatory Reserve at the Central B,Ukraine,UA,Europe and Central Asia,ECA,Financial,PRI,"3,969,784",12/22/2010,12/21/2020,https://www.miga.org/node/2209,1
2012,9192,Insurance of Mandatory Reserve at the Central B,Georgia,GE,Europe and Central Asia,ECA,Financial,PRI,"13,471,237.5",12/22/2010,12/21/2020,https://www.miga.org/node/2208,1
2012,9224,Volga Farming,Russian Federation,RU,Europe and Central Asia,ECA,Agribusiness,PRI,"49,500,000",10/15/2011,10/14/2026,https://www.miga.org/node/2214,1
2012,9392,Guichet Unique,Benin,BJ,Sub-Saharan Africa,SSA,Services,PRI,"7,129,980",07/22/2011,07/21/2021,https://www.miga.org/node/2232,1
2012,9602,Thailand CI & ET,Thailand,TH,East Asia And Pacific,EAP,Financial,PRI,"20,000,000",07/29/2011,07/24/2014,https://www.miga.org/node/2216,1
2012,9714,Bakhresa Grain Milling (Rwanda) Limited,Rwanda,RW,Sub-Saharan Africa,SSA,Manufacturing,PRI,"14,765,000",07/08/2011,07/07/2021,https://www.miga.org/node/2239,1
2012,9722,Thika Power Ltd,Kenya,KE,Sub-Saharan Africa,SSA,Infrastructure,PRI,"61,509,566.58",05/24/2012,05/24/2027,https://www.miga.org/node/2221,1
2012,9863,Open-IT,Burundi,BI,Sub-Saharan Africa,SSA,Services,PRI,"672,780.5",12/13/2011,12/31/2019,https://www.miga.org/node/2227,1
2012,9911,Senegal Cross Currency Swap,Senegal,SN,Sub-Saharan Africa,SSA,Infrastructure,NH,"99,000,000",11/16/2011,06/15/2021,https://www.miga.org/node/3065,1
2012,9926,Project Psi,Zambia,ZM,Sub-Saharan Africa,SSA,Agribusiness,PRI,"9,500,000",06/30/2011,06/29/2021,https://www.miga.org/node/2159,1
2012,9946,"Soroa Peinieres, S.A.R.L.",Morocco,MA,Middle East and North Africa,MENA,Agribusiness,PRI,"2,660,202.783",03/29/2012,12/06/2017,https://www.miga.org/node/2197,1
2012,9947,JP Industrie,Morocco,MA,Middle East and North Africa,MENA,Manufacturing,PRI,"3,483,567",03/29/2012,12/06/2017,https://www.miga.org/node/2196,1
2012,9949,Bitaka Cards & Solutions,Tunisia,TN,Middle East and North Africa,MENA,Manufacturing,PRI,"5,131,095.842",12/07/2011,12/06/2016,https://www.miga.org/node/2218,1
2012,10015,Commerce International Mediterraneen (CIM),Tunisia,TN,Middle East and North Africa,MENA,Manufacturing,PRI,"4,103,037.248",12/07/2011,12/06/2016,https://www.miga.org/node/2217,1
2011,10164,"Mercator -S d.o.o. (Limited Liability Company), Temerinski put 50",Serbia,YF,Europe and Central Asia,ECA,Manufacturing,PRI,"247,916,942.5",06/29/2011,07/31/2013,https://www.miga.org/node/2241,1
2011,9987,Insurance of Mandatory Reserve at the Central Bank of Serbia,Serbia,YF,Europe and Central Asia,ECA,Financial,PRI,"4,371,045",12/22/2010,12/21/2020,https://www.miga.org/node/2285,1
2011,6699,TOGOSCAN,Togo,TG,Sub-Saharan Africa,SSA,Services,PRI,"4,611,894.3",06/30/2011,06/29/2016,https://www.miga.org/node/2264,1
2011,7667,Congo Scanner Contract,"Congo, Republic of",CG,Sub-Saharan Africa,SSA,Services,PRI,"5,586,229.927",06/30/2011,06/29/2014,https://www.miga.org/node/2263,1
2011,7838,Maputo Wood Chips LDA,Mozambique,MZ,Sub-Saharan Africa,SSA,Manufacturing,PRI,"9,064,497.5",04/18/2011,04/17/2021,https://www.miga.org/node/2346,1
2011,7840,ContourGlobal KivuWatt,Rwanda,RW,Sub-Saharan Africa,SSA,Infrastructure,PRI,"28,620,000",05/03/2011,05/02/2031,https://www.miga.org/node/2308,1
2011,7867,Mulderbosch Winery,South Africa,ZA,Sub-Saharan Africa,SSA,Agribusiness,PRI,"10,000,000",05/27/2011,05/26/2018,https://www.miga.org/node/2242,1
2011,7902,Sky Trade,Russian Federation,RU,Europe and Central Asia,ECA,Services,PRI,"10,142,630.32",11/22/2010,11/21/2016,https://www.miga.org/node/2302,1
2011,7994,Bandirma Port,Turkiye,TR,Europe and Central Asia,ECA,Infrastructure,PRI,"522,000",05/18/2010,10/05/2024,https://www.miga.org/node/2278,1
2011,8050,Bagcilar-Ikitelli-Basakhouses-Olympic Village Metr,Turkiye,TR,Europe and Central Asia,ECA,Infrastructure,PRI,"19,558,125",12/27/2010,09/16/2013,https://www.miga.org/node/2281,1
2011,8085,LPG Bulk Storage and Distribution in Sierra Leone,Sierra Leone,SL,Sub-Saharan Africa,SSA,Retail,PRI,"3,595,987.5",09/17/2010,09/16/2015,https://www.miga.org/node/2331,1
2011,8113,Weda Bay,Indonesia,ID,East Asia And Pacific,EAP,Mining,PRI,"207,000,000",08/11/2010,08/10/2015,https://www.miga.org/node/2307,1
2011,8354,PET Preform Production,Iraq,IQ,Middle East and North Africa,MENA,Manufacturing,PRI,"5,031,643.86",09/24/2010,09/23/2015,https://www.miga.org/node/2301,1
2011,8477,Monroe,Liberia,LR,Sub-Saharan Africa,SSA,Agribusiness,PRI,"142,239,100",12/28/2010,12/28/2020,https://www.miga.org/node/2280,1
2011,8502,UniCredit Bank Hungary Zrt.,Hungary,HU,Europe and Central Asia,ECA,Financial,PRI,"259,359,500",09/30/2010,09/29/2020,https://www.miga.org/node/2299,1
2011,8521,PT Natrindo Telpon Sellular,Indonesia,ID,East Asia And Pacific,EAP,Infrastructure,PRI,"450,000,000",06/14/2011,12/13/2018,https://www.miga.org/node/2274,1
2011,9162,Insurance of Mandatory Reserve at the Central B,Ukraine,UA,Europe and Central Asia,ECA,Financial,PRI,"5,619,915",12/22/2010,12/21/2020,https://www.miga.org/node/2284,1
2011,9186,Insurance of Mandatory Reserve at the Central B,Albania,AL,Europe and Central Asia,ECA,Financial,PRI,"24,977,400",12/22/2010,12/21/2020,https://www.miga.org/node/2297,1
2011,9188,Insurance of Mandatory Reserve at the Central B,Bosnia and Herzegovina,BA,Europe and Central Asia,ECA,Financial,PRI,"12,488,700",12/22/2010,12/21/2020,https://www.miga.org/node/2295,1
2011,9189,Insurance of Mandatory Reserve at the Central Bank of Democratic Republic of Congo,"Congo, Democratic Republic of",ZR,Sub-Saharan Africa,SSA,Financial,PRI,"4,995,480",12/22/2010,12/21/2020,https://www.miga.org/node/2293,1
2011,9192,Insurance of Mandatory Reserve at the Central B,Georgia,GE,Europe and Central Asia,ECA,Financial,PRI,"9,025,000",12/22/2010,12/21/2020,https://www.miga.org/node/2291,1
2011,9193,Insurance of Mandatory Reserve at the Central Bank of Honduras,Honduras,HN,Latin America and the Caribbean,LAC,Financial,PRI,"6,244,350",12/22/2010,12/21/2020,https://www.miga.org/node/2290,1
2011,9194,Insurance of Mandatory Reserve at the Central B,Kosovo,XK,Europe and Central Asia,ECA,Financial,PRI,"49,954,800",12/22/2010,12/21/2020,https://www.miga.org/node/2289,1
2011,9195,Insurance of Mandatory Reserve at the Central B,North Macedonia,MK,Europe and Central Asia,ECA,Financial,PRI,"12,488,700",12/22/2010,12/21/2020,https://www.miga.org/node/2292,1
2011,9196,Insurance of Mandatory Reserve at the Central Bank of Nicaragua,Nicaragua,NI,Latin America and the Caribbean,LAC,Financial,PRI,"12,920,000",12/22/2010,12/21/2020,https://www.miga.org/node/2286,1
2011,9283,Warsaw DC,Poland,PL,Europe and Central Asia,ECA,Services,PRI,"3,686,055.968",11/22/2010,11/21/2016,https://www.miga.org/node/2303,1
2011,9330,Tulbagh Mountain Vineyards,South Africa,ZA,Sub-Saharan Africa,SSA,Agribusiness,PRI,"5,000,160.65",12/16/2010,12/15/2017,https://www.miga.org/node/2300,1
2011,9334,National Cement,Ethiopia,ET,Sub-Saharan Africa,SSA,Manufacturing,PRI,"3,960,000",06/30/2011,06/29/2026,https://www.miga.org/node/2266,1
2011,9368,Icam Chocolate Uganda Limited,Uganda,UG,Sub-Saharan Africa,SSA,Manufacturing,PRI,"2,007,737",01/14/2011,01/13/2017,https://www.miga.org/node/2282,1
2011,9371,Hitachi Construction Machinery Zambia Reman Factory Project,Zambia,ZM,Sub-Saharan Africa,SSA,Manufacturing,PRI,"13,500,000",03/31/2011,03/30/2031,https://www.miga.org/node/2277,1
2011,9401,Istanbul Municipality,Turkiye,TR,Europe and Central Asia,ECA,Infrastructure,NH,"409,232,564.3",04/21/2011,10/14/2020,https://www.miga.org/node/2276,1
2011,9926,Project Psi,Zambia,ZM,Sub-Saharan Africa,SSA,Agribusiness,PRI,"5,139,880",06/30/2011,06/29/2021,https://www.miga.org/node/2272,1
2011,9976,Resolution Health East Africa,Kenya,KE,Sub-Saharan Africa,SSA,Financial,PRI,"2,047,500",06/08/2011,06/07/2021,https://www.miga.org/node/2273,1
2011,9983,Insurance of Mandatory Reserve at the Central Bank of Armenia,Armenia,AM,Europe and Central Asia,ECA,Financial,PRI,"3,746,610",12/22/2010,12/21/2020,https://www.miga.org/node/2296,1
2011,9984,Insurance of Mandatory Reserve at the Central B,Colombia,CO,Latin America and the Caribbean,LAC,Financial,PRI,"2,622,627",12/22/2010,12/21/2020,https://www.miga.org/node/2294,1
2011,9985,Insurance of Mandatory Reserve at the Central B,Moldova,MD,Europe and Central Asia,ECA,Financial,PRI,"4,121,271",12/22/2010,12/21/2020,https://www.miga.org/node/2288,1
2011,9986,Insurance of Mandatory Reserve at the Central Bank of Mozambique,Mozambique,MZ,Sub-Saharan Africa,SSA,Financial,PRI,"2,497,740",12/22/2010,12/21/2020,https://www.miga.org/node/2287,1
2011,6115,Habib Bank AG Zurich New Branches,Pakistan,PK,South Asia,SAR,Financial,PRI,"95,068,330.36",02/01/2005,10/16/2027,https://www.miga.org/node/2256,1
2010,1806,Manas International Airport Reconstruction Project,Kyrgyz Republic,KG,Europe and Central Asia,ECA,Services,PRI,"5,763,213",06/30/1998,05/14/2017,https://www.miga.org/node/3171,1
2010,9160,ATF Bank JSC,Kazakhstan,KZ,Europe and Central Asia,ECA,Financial,PRI,"190,000,000",06/30/2010,12/29/2017,https://www.miga.org/node/2304,1
2010,7469,Investment in Joint Venture,Russian Federation,RU,Europe and Central Asia,ECA,Manufacturing,PRI,"30,150,000",09/04/2009,09/03/2029,https://www.miga.org/node/2341,1
2010,7710,Sierra De Luna S.A. (Microfin Uruguay),Uruguay,UY,Latin America and the Caribbean,LAC,Financial,PRI,"95,000",12/12/2008,12/20/2011,https://www.miga.org/node/2306,1
2010,7835,Splash,Sierra Leone,SL,Sub-Saharan Africa,SSA,Financial,PRI,"1,045,000",06/25/2010,03/22/2016,https://www.miga.org/node/2314,1
2010,7843,DP World Dakar,Senegal,SN,Sub-Saharan Africa,SSA,Infrastructure,PRI,"98,994,195.32",06/28/2010,06/30/2017,https://www.miga.org/node/2351,1
2010,7879,Africa Juice TSC,Ethiopia,ET,Sub-Saharan Africa,SSA,Agribusiness,PRI,"10,000,000",03/12/2010,03/11/2020,https://www.miga.org/node/2317,1
2010,7923,Cao Fei Dian,China,CN,East Asia And Pacific,EAP,Infrastructure,PRI,"7,470,000",06/30/2010,06/29/2030,https://www.miga.org/node/2310,1
2010,7991,Raiffeisen Leasing d.o.o. (RLRS),Serbia,YF,Europe and Central Asia,ECA,Financial,PRI,"40,123,725.29",07/15/2009,10/31/2014,https://www.miga.org/node/2340,1
2010,7994,Bandirma Port,Turkiye,TR,Europe and Central Asia,ECA,Infrastructure,PRI,"55,100,000",05/18/2010,10/05/2024,https://www.miga.org/node/2311,1
2010,8007,OOO Ken-Pak Zavod Upakovki,Russian Federation,RU,Europe and Central Asia,ECA,Manufacturing,PRI,"76,000,000",09/04/2009,09/03/2024,https://www.miga.org/node/2329,1
2010,8044,Zagrebacka Banka d.d,Croatia,HR,Europe and Central Asia,ECA,Financial,PRI,"278,606,501.9",09/30/2009,12/31/2016,https://www.miga.org/node/2326,1
2010,8057,Dragon Transport Ltd.,Sierra Leone,SL,Sub-Saharan Africa,SSA,Agribusiness|Manufacturing|Services,PRI,"1,815,905.5",12/23/2009,06/24/2020,https://www.miga.org/node/2315,1
2010,8069,Unicredit Leasing - Latvia,Latvia,LV,Europe and Central Asia,ECA,Financial,PRI,"68,428,500.48",12/28/2009,02/28/2015,https://www.miga.org/node/2319,1
2010,8204,Financiera Universal S.A.,Peru,PE,Latin America and the Caribbean,LAC,Financial,PRI,"18,000,000",05/18/2010,05/17/2020,https://www.miga.org/node/2312,1
2010,8314,"Raiffeisen Rent d.o.o. (""RRRS"")",Serbia,YF,Europe and Central Asia,ECA,Financial,PRI,"13,844,824.91",12/16/2009,04/15/2014,https://www.miga.org/node/2320,1
2010,8487,Tullow Ghana Jubilee FPSO Project,Ghana,GH,Sub-Saharan Africa,SSA,Oil and Gas,PRI,"225,000,000",06/30/2010,06/29/2030,https://www.miga.org/node/2313,1
2010,8503,Zagrebacka Banka d.d.,Croatia,HR,Europe and Central Asia,ECA,Financial,PRI,"326,674,600",06/23/2010,12/22/2017,https://www.miga.org/node/2305,1
2010,5182,Jingtang Port Container Terminal,China,CN,East Asia And Pacific,EAP,Infrastructure|Services,PRI,"16,726,101",04/07/2005,01/12/2025,https://www.miga.org/node/2336,1
2009,6676,Lot C,Brazil,BR,Latin America and the Caribbean,LAC,Infrastructure,PRI,"32,985,202.11",07/03/2008,07/02/2023,https://www.miga.org/node/2342,1
2009,8060,Unicredit Bank Serbia,Serbia,YF,Europe and Central Asia,ECA,Financial,PRI,"134,168,500",06/30/2009,06/25/2014,https://www.miga.org/node/2332,1
2009,7314,Congo Oils & Derivatives,"Congo, Democratic Republic of",ZR,Sub-Saharan Africa,SSA,Manufacturing,PRI,"4,320,000",03/20/2009,03/19/2019,https://www.miga.org/node/2352,1
2009,7439,Raiffeisen Leasing AVAL LLC,Ukraine,UA,Europe and Central Asia,ECA,Financial,PRI,"142,500,000",02/13/2008,12/31/2017,https://www.miga.org/node/2356,1
2009,7457,Compagnie Hoteliere du Golfe (C.H.G. SA),Benin,BJ,Sub-Saharan Africa,SSA,Tourism,PRI,"1,489,802.26",07/30/2008,07/29/2018,https://www.miga.org/node/2373,1
2009,7470,Kashf Microfinance Bank,Pakistan,PK,South Asia,SAR,Financial,PRI,"1,746,148.26",09/10/2008,09/11/2018,https://www.miga.org/node/2383,1
2009,7552,I.C.S. Raiffeisen Leasing S.R.L.,Moldova,MD,Europe and Central Asia,ECA,Financial,PRI,"6,157,187.548",06/18/2008,12/20/2019,https://www.miga.org/node/2347,1
2009,7555,Chongqing Water Group,China,CN,East Asia And Pacific,EAP,Infrastructure,PRI,"72,199,313.55",04/16/2009,04/15/2024,https://www.miga.org/node/2348,1
2009,7583,Guarantee for Subordinated Loan to CEE Subsidiary,Russian Federation,RU,Europe and Central Asia,ECA,Financial,PRI,"90,250,000",11/26/2008,08/31/2011,https://www.miga.org/node/2353,1
2009,7585,Long Term Refinancing Guarantee to CEE Subsidiarie,Ukraine,UA,Europe and Central Asia,ECA,Financial,PRI,"247,000,000",06/20/2008,02/13/2018,https://www.miga.org/node/2354,1
2009,7591,"Raiffeisen Leasing d.o.o. Bosnia-Herzegovina, Sara",Bosnia and Herzegovina,BA,Europe and Central Asia,ECA,Financial,PRI,"47,724,912.55",08/18/2008,01/31/2014,https://www.miga.org/node/2380,1
2009,7598,Destination Inspection Scheme - Senegal,Senegal,SN,Sub-Saharan Africa,SSA,Services,PRI,"9,288,625.431",03/31/2009,03/30/2013,https://www.miga.org/node/2349,1
2009,7675,Banque Rwandaise de Development,Rwanda,RW,Sub-Saharan Africa,SSA,Financial,PRI,"6,044,188",09/25/2008,09/24/2023,https://www.miga.org/node/2362,1
2009,7676,SIMTEL,Rwanda,RW,Sub-Saharan Africa,SSA,Financial,PRI,"9,500,000",09/25/2008,09/24/2023,https://www.miga.org/node/2363,1
2009,7710,Sierra De Luna S.A. (Microfin Uruguay),Uruguay,UY,Latin America and the Caribbean,LAC,Financial,PRI,"950,000",12/12/2008,12/20/2011,https://www.miga.org/node/2359,1
2009,7742,Tamboho S.A.  - Three - Four Star Hotel,Madagascar,MG,Sub-Saharan Africa,SSA,Tourism,PRI,"646,963.9077",12/23/2008,12/22/2013,https://www.miga.org/node/2357,1
2009,7790,ADC - South Africa,South Africa,ZA,Sub-Saharan Africa,SSA,Financial,PRI,"320,000",02/17/2009,02/17/2019,https://www.miga.org/node/2343,1
2009,7834,Sierra Fisheries,Sierra Leone,SL,Sub-Saharan Africa,SSA,Agribusiness,PRI,"4,500,000",06/30/2009,06/29/2019,https://www.miga.org/node/2334,1
2009,7836,Ice Ice Baby,Sierra Leone,SL,Sub-Saharan Africa,SSA,Manufacturing,PRI,"1,215,000",03/31/2009,03/30/2019,https://www.miga.org/node/2350,1
2009,7933,KBC Bank -  Absolut Bank,Russian Federation,RU,Europe and Central Asia,ECA,Financial,PRI,"120,000,000",06/23/2009,09/10/2018,https://www.miga.org/node/2338,1
2009,7948,ATF Bank - Joint Stock,Kazakhstan,KZ,Europe and Central Asia,ECA,Financial,PRI,"190,000,000",06/25/2009,06/24/2014,https://www.miga.org/node/2335,1
2009,7951,Unicredit Bank Riga (AS),Latvia,LV,Europe and Central Asia,ECA,Financial,PRI,"100,344,937.5",06/26/2009,08/15/2016,https://www.miga.org/node/2333,1
2009,7980,Unicredit Bank Hungary,Hungary,HU,Europe and Central Asia,ECA,Financial,PRI,"133,793,250",06/26/2009,06/20/2015,https://www.miga.org/node/2337,1
2009,6919,AARTI Steel (Nigeria) Limited,Nigeria,NG,Sub-Saharan Africa,SSA,Manufacturing,PRI,"12,825,000",05/08/2007,12/31/2015,https://www.miga.org/node/3176,1
